chr	pos	ref	alt	CADD_raw	DANN_score	Eigen-PC-raw_coding	Eigen-raw_coding	FATHMM_score	GERP++_RS	PROVEAN_score	Polyphen2_HVAR_score	SIFT_score	VEST4_score	phastCons100way_vertebrate	phastCons470way_mammalian	phyloP100way_vertebrate	phyloP470way_mammalian	Ensembl_geneid	gnomAD_exomes_AF	AlphaMissense_score	ESM1b_score	HGVSp_VEP	stability_score_0hr	stability_score_24hr	stability_score_48hr	CDS percent WT activity
22	50625168	G	A	1.064461	0.7877295127289984	-0.767665432088465	-0.83289715153171	-2.55	0.214	-1.79	0.001	0.175	0.086	0.378	0.002	0.561	0.199	ENSG00000100299	2.510630e-05	0.0816	-6.078	p.His503Tyr	0.984	0.765	0.861	37.81
22	50625182	C	A	0.635322	0.9074255321665516	-1.268510421792	-1.32503552947516	-2.46	-0.948	-0.81	0.772	0.669	0.186	0.527	0.0	1.432	-0.094	ENSG00000100299	1.872060e-05	0.1362	-3.902	p.Arg498Leu	0.967	0.955	0.718	38.91
22	50625182	C	G	0.883338	0.7036881020700657	-1.04883331060325	-1.03309852613517	-2.56	-0.948	-1.7	0.985	0.228	0.252	0.527	0.0	1.432	-0.094	ENSG00000100299	6.933550e-06	0.1903	-6.125	p.Arg498Pro	0.98	0.881	0.416	27.27
22	50625182	C	T	0.912716	0.9066526196965476	-1.27868729109094	-1.34815617498284	-2.55	-0.948	-0.11	0.004	0.578	0.051	0.527	0.0	1.432	-0.094	ENSG00000100299	3.725770e-02	0.1187	-2.863	p.Arg498His	0.955	0.771	0.796	119.03
22	50625188	G	A	0.64003	0.9776502092679336	-1.09268051611415	-0.981820011726797	-2.61	-3.78	-2.35	0.583	0.093	0.143	0.151	0.0	0.194	-0.074	ENSG00000100299	4.144350e-05	0.099	-5.742	p.Thr496Ile	0.986	0.933	0.734	61.71
22	50625191	C	A	3.773817	0.9922307711172074	0.371211741168808	0.411329983109058	-2.91	5.14	-7.23	1.0	0.0	0.84	1.0	1.0	7.318	7.558	ENSG00000100299	.	0.8311	0.095	p.Cys495Phe	0.981	0.881	0.442	
22	50625204	A	C	4.167846	0.957572314550276	0.31247306233541	0.330599424851201	-2.76	5.14	-6.01	1.0	0.014	0.936	1.0	1.0	5.692	9.184	ENSG00000100299	2.063900e-06	0.7279	-5.048	p.Cys491Gly	0.978	0.834	0.583	8.72
22	50625207	A	G	4.363638	0.989223824911411	0.42732188109404	0.451495078620536	-2.75	5.14	-7.61	1.0	0.0	0.966	1.0	1.0	8.661	9.189	ENSG00000100299	4.831090e-06	0.9493	-10.217	p.Cys490Arg	0.988	0.877	0.742	
22	50625219	C	T	-0.328401	0.7667240968973092	-1.90476315821459	-1.87257984849745	-2.55	-7.08	-0.27	0.003	0.549	0.066	0.0	0.0	-1.193	-6.732	ENSG00000100299	2.610880e-05	0.0801	-6.112	p.Ala486Thr	0.963	0.932	0.715	92.41
22	50625222	G	A	2.648176	0.9833318397312106	0.0586166249146907	-0.0342759608979431	-2.49	5.14	-2.3	0.919	0.2	0.32	1.0	1.0	3.67	6.549	ENSG00000100299	4.806440e-06	0.1011	-7.538	p.Pro485Ser	0.989	0.843	0.687	47.04
22	50625225	C	G	3.971515	0.991531262954744	0.369338901514424	0.386866546159758	-2.6	5.14	-3.06	0.999	0.008	0.682	1.0	1.0	5.628	4.777	ENSG00000100299	4.117510e-06	0.3655	-6.528	p.Asp484His	0.977	0.973	0.719	9.37
22	50625228	C	T	0.693354	0.4615856893473549	-1.30762905463106	-1.30070645788468	-2.5	-2.61	-0.2	0.001	0.807	0.116	0.0	0.0	-0.137	-0.917	ENSG00000100299	5.558100e-04	0.1044	-3.681	p.Glu483Lys	0.979	0.94	0.706	46.8
22	50625230	C	T	3.630078	0.9968199800249206	0.158247755645006	0.178091013257991	-2.6	5.14	-2.61	0.973	0.051	0.786	0.997	1.0	5.643	5.865	ENSG00000100299	3.201710e-06	0.4308	-4.896	p.Gly482Asp	0.983	0.959	0.665	23.16
22	50625231	C	T	3.882828	0.9949340334649516	-0.0056667835485265	-0.033453354924084	-2.54	5.14	-2.37	0.541	0.217	0.653	0.995	1.0	3.678	5.87	ENSG00000100299	4.389260e-05	0.2439	-2.365	p.Gly482Ser	0.984	0.81	0.731	43.15
22	50625233	C	T	-0.209492	0.933683360343866	-1.66604521826946	-1.58143794836467	-2.53	-9.03	-0.83	0.106	0.093	0.049	0.0	0.0	-0.807	-2.37	ENSG00000100299	3.292120e-05	0.0734	-3.332	p.Arg481Gln	0.962	0.835	0.721	33.06
22	50625234	G	A	3.509887	0.9986878828703016	-0.297583238251161	-0.25898471529161	-2.59	4.09	-3.38	0.996	0.001	0.214	0.029	0.807	2.092	2.393	ENSG00000100299	4.182610e-05	0.1088	-4.925	p.Arg481Trp	0.98	0.849	0.736	8.26
22	50625236	G	A	1.955327	0.9845799052070244	-0.717380715077368	-0.778826366291929	-2.66	1.51	-1.27	0.09	0.292	0.224	0.017	0.999	1.929	5.529	ENSG00000100299	1.598820e-06	0.1261	-4.588	p.Ala480Val	0.975	0.879	0.605	69.43
22	50625240	C	T	1.006459	0.2182653928561427	-0.888335567211301	-1.06040904513292	-2.52	3.01	0.02	0.003	0.837	0.076	1.0	1.0	0.805	2.185	ENSG00000100299	1.370950e-06	0.1142	-3.535	p.Val479Met	0.986	0.896	0.853	137.15
22	50625241	C	A	3.460949	0.9954380282223448	0.173362081862265	0.215004143071855	-2.94	4.12	-2.84	0.999	0.01	0.552	1.0	1.0	2.421	3.946	ENSG00000100299	.	0.7168	-6.617	p.Gln478His	0.975	0.89	0.343	3.16
22	50625252	C	T	1.434618	0.8191450577791163	-0.760239703643706	-0.807558474088552	-2.58	-1.49	-0.75	0.013	0.498	0.048	0.955	0.0	0.764	-0.486	ENSG00000100299	6.850930e-06	0.1084	-2.366	p.Gly475Ser	0.982	0.825	0.743	45.64
22	50625263	G	C	0.646079	0.9167170020544276	-0.964263864299052	-1.00558529353425	-2.57	2.98	-0.92	0.109	0.289	0.656	0.001	0.002	0.956	1.375	ENSG00000100299	.	0.0934	-3.293	p.Ala471Gly	0.979	0.887	0.594	
22	50625267	C	T	1.405699	0.9630411661824032	-0.978569550975799	-0.967889602628447	-2.66	1.77	-0.52	0.247	0.246	0.227	0.022	0.021	0.695	0.371	ENSG00000100299	4.930470e-05	0.0864	-5.364	p.Ala470Thr	0.977	0.953	0.496	98.67
22	50625278	G	A	2.743818	0.9968354962456408	-0.199087224340771	-0.3702767232522	-2.66	4.12	-1.03	0.012	0.114	0.623	0.997	1.0	1.764	5.768	ENSG00000100299	2.738680e-06	0.0995	-5.183	p.Ala466Val	0.972	0.881	0.688	73.58
22	50625284	A	G	4.346922	0.9981497096785438	0.28118120344831	0.266673758694751	-3.67	5.14	-2.24	1.0	0.117	0.501	0.991	1.0	3.78	11.047	ENSG00000100299	1.593690e-06	0.7426	-7.507	p.Leu464Pro	0.973	0.913	0.352	-0.00190901
22	50625297	G	C	1.080422	0.2063856862496764	-0.493520353583858	-0.658686338023282	-3.62	3.13	0.63	0.001	1.0	0.061	0.996	0.983	1.542	1.694	ENSG00000100299	6.846250e-06	0.077	-2.882	p.Gln460Glu	0.964	0.84	0.833	39.89
22	50625299	T	C	2.416539	0.99076572313057	0.0378889044767716	-0.0754934168710276	-2.61	5.27	-0.84	0.678	0.237	0.076	1.0	1.0	2.373	7.775	ENSG00000100299	1.593520e-06	0.086	-1.446	p.Lys459Arg	0.981	0.822	0.846	0.5
22	50625300	T	C	2.346226	0.9915364065175944	-0.201802657735	-0.395209981762795	-2.58	5.27	-0.89	0.203	0.39	0.089	0.994	1.0	1.799	7.775	ENSG00000100299	1.593490e-06	0.1862	-1.527	p.Lys459Glu	0.979	0.909	0.777	15.01
22	50625306	C	T	2.028063	0.8132049390725969	-0.670848129137534	-0.737155134670756	-2.5	3.16	-0.38	0.001	0.591	0.147	0.63	0.963	3.541	2.116	ENSG00000100299	1.593560e-06	0.0743	-4.057	p.Ala457Thr	0.983	0.938	0.765	85.15
22	50625311	A	G	2.606319	0.981934372786921	-0.404884781877905	-0.435646075295076	-3.97	4.18	-1.46	0.977	0.2	0.783	0.008	1.0	1.728	7.758	ENSG00000100299	.	0.2857	-6.5	p.Leu455Pro	0.969	0.852	0.622	
22	50625320	G	A	2.327702	0.9818141197515964	-0.562565096486342	-0.593558382008898	-2.72	3.13	-5.07	0.209	0.012	0.371	0.951	0.194	2.99	2.679	ENSG00000100299	1.200320e-06	0.121	-5.663	p.Pro452Leu	0.967	0.772	0.69	73.52
22	50625330	C	G	0.186851	0.5781816438409043	-1.181391884095	-1.22552095725527	-2.48	0.567	-0.63	0.348	0.307	0.211	0.0	0.0	0.013	-1.621	ENSG00000100299	.	0.1087	-4.702	p.Gly449Arg	0.978	0.856	0.872	92.54
22	50625341	C	A	0.860309	0.8847976202991676	-1.26572690411037	-1.22096142458437	-3.7	-6.94	-0.65	0.001	0.062	0.168	0.0	0.0	-0.636	-0.796	ENSG00000100299	5.002150e-05	0.1035	-4.86	p.Gly445Val	0.955	0.929	0.446	123.35
22	50625350	T	C	3.54184	0.9970509283711232	0.402497348300034	0.375362610258422	-4.25	5.27	-2.63	0.981	0.032	0.11	1.0	1.0	3.103	4.951	ENSG00000100299	9.392140e-05	0.1126	-5.619	p.Asn442Ser	0.981	0.917	0.616	19.78
22	50625355	G	C	3.964669	0.986399186279709	0.183297965287523	0.0776205673621493	-2.44	4.24	-0.29	0.987	1.0	0.627	1.0	1.0	1.931	7.38	ENSG00000100299	6.399020e-06	0.4269	-3.042	p.Asn440Lys	0.978	0.885	0.851	22.33
22	50625362	C	A	5.654856	0.9971763389135744	0.58627914897347	0.600418787786979	-2.66	5.27	-3.83	0.926	0.109	0.228	0.986	0.998	4.262	5.831	ENSG00000100299	.	0.5542	-8.827	p.Gly438Val	0.982	0.972	0.565	1.96
22	50625363	C	T	3.104926	0.3527725928036601	-0.259657726883895	-0.455266104350152	-2.39	3.19	0.36	0.003	1.0	0.109	0.974	0.99	2.773	2.645	ENSG00000100299	.	0.1077	-2.819	p.Gly438Ser	0.987	0.795	0.741	97.01
22	50625366	G	T	4.864949	0.9976672406524952	0.815379860458329	0.891358740968821	-4.51	5.27	-7.3	1.0	0.003	0.665	1.0	1.0	6.12	11.594	ENSG00000100299	2.745580e-06	0.3303	-8.066	p.Pro437Thr	0.922	0.891	0.586	13.34
22	50625369	C	T	5.007852	0.9992515179415724	0.749594098645194	0.831250708729481	-6.35	5.27	-4.94	1.0	0.0	0.93	1.0	1.0	5.574	7.522	ENSG00000100299	.	0.8952	-9.948	p.Asp436Asn	0.987	0.857	0.594	32.94
22	50625378	G	C	2.113107	0.9955881181404432	0.166549740464724	0.244334344355546	-3.37	1.84	-2.03	1.0	0.102	0.509	1.0	0.994	2.593	0.6	ENSG00000100299	9.707740e-05	0.1102	-9.199	p.Leu433Val	0.984	0.787	0.837	48.3
22	50625381	C	A	4.777732	0.9934358855087289	0.401803846133184	0.524930245789453	-4.46	3.5	-5.76	1.0	0.003	0.929	0.99	0.999	2.321	3.916	ENSG00000100299	6.893360e-07	0.5234	-10.201	p.Asp432Tyr	0.965	0.833	0.524	0.39
22	50625383	T	C	3.622383	0.9972558323557186	0.372706257546415	0.480082876945138	-2.98	3.4	-6.78	1.0	0.001	0.461	1.0	0.998	4.52	3.382	ENSG00000100299	2.067610e-06	0.6207	-13.012	p.Tyr431Cys	0.962	0.821	0.409	19.86
22	50625383	T	G	4.26432	0.9882251446532118	0.344189195327309	0.433544530792575	-2.98	3.4	-6.78	1.0	0.002	0.458	1.0	0.998	4.52	3.382	ENSG00000100299	2.756810e-05	0.8637	-14.209	p.Tyr431Ser	0.987	0.881	0.572	1.2
22	50625386	A	G	4.467546	0.9990972054798756	0.852901108280576	0.961094720481254	-5.37	5.57	-6.74	1.0	0.001	0.967	1.0	1.0	6.846	10.996	ENSG00000100299	3.242100e-06	0.9368	-16.334	p.Leu430Pro	0.977	0.905	0.381	0.036
22	50625387	G	A	4.254301	0.9989841391784036	0.605322471561618	0.676252865581887	-5.28	4.55	-3.84	1.0	0.004	0.51	1.0	1.0	1.895	6.324	ENSG00000100299	1.623680e-06	0.4318	-8.926	p.Leu430Phe	0.982	0.882	0.569	62.0
22	50625389	A	G	4.364812	0.99909853688272	0.727410024565255	0.764137460347511	-3.41	5.57	-5.82	1.0	0.003	0.91	1.0	1.0	8.644	10.996	ENSG00000100299	3.248360e-06	0.8185	-13.637	p.Leu429Pro	0.979	0.836	0.6	55.06
22	50625392	G	A	4.951501	0.9986927587051982	0.690635036528144	0.700719800530915	-4.33	5.57	-9.6	1.0	0.0	0.953	1.0	1.0	7.453	11.595	ENSG00000100299	4.559440e-04	0.4725	-10.262	p.Pro428Leu	0.983	0.893	0.508	0.037
22	50625396	G	A	4.923947	0.9987812138396686	0.719329554825784	0.710935206094951	-2.95	5.57	-6.04	1.0	0.089	0.688	1.0	1.0	9.268	11.599	ENSG00000100299	2.764740e-06	0.2371	-9.811	p.Pro427Ser	0.978	0.854	0.698	
22	50625398	T	C	4.158246	0.9985350622913336	-0.136534040241447	-0.236276420711056	-2.65	5.57	-3.59	0.931	0.013	0.136	0.085	1.0	1.867	4.057	ENSG00000100299	.	0.1799	-5.958	p.Glu426Gly	0.979	0.915	0.561	13.49
22	50625401	T	C	4.498049	0.9979764004443737	0.593692171484486	0.604272403477197	-2.92	5.57	-6.95	1.0	0.004	0.324	1.0	1.0	5.671	7.737	ENSG00000100299	1.382410e-06	0.2463	-10.77	p.His425Arg	0.955	0.911	0.736	
22	50625402	G	A	4.79207	0.9972551911681524	0.594465951410594	0.599060550216154	-2.93	4.52	-5.26	1.0	0.002	0.501	1.0	1.0	7.378	11.594	ENSG00000100299	6.914190e-07	0.2053	-12.304	p.His425Tyr	0.98	0.931	0.574	22.71
22	50625402	G	C	5.123003	0.9936656117556968	0.612252134933124	0.623931501501184	-2.94	4.52	-7.83	1.0	0.003	0.454	1.0	1.0	7.378	11.594	ENSG00000100299	1.382840e-06	0.7631	-12.455	p.His425Asp	0.981	0.921	0.69	0.65
22	50625404	G	A	2.133951	0.7876696770846497	-0.552827265801829	-0.682295644597668	-2.55	4.56	-0.86	0.047	0.508	0.076	0.022	1.0	1.923	4.403	ENSG00000100299	3.261980e-06	0.0968	-4.137	p.Ala424Val	0.986	0.901	0.751	29.99
22	50625410	A	G	4.890278	0.999010690675476	0.521896225402197	0.507588048775213	-3.82	5.57	-2.36	1.0	0.058	0.531	1.0	1.0	3.766	9.087	ENSG00000100299	1.634550e-06	0.1609	-7.756	p.Leu422Pro	0.903	0.839	0.841	36.14
22	50625413	G	C	2.830322	0.972999281197688	-0.179716441832447	-0.121296947708958	-2.6	3.45	-2.55	0.921	0.05	0.209	0.008	0.386	1.461	0.966	ENSG00000100299	3.268050e-06	0.2007	-7.223	p.Ser421Cys	0.982	0.873	0.656	66.53
22	50625415	G	C	3.143356	0.9818560479057126	-0.570132044566603	-0.572992025949342	-2.53	2.28	-1.81	0.775	0.45	0.247	0.0	0.834	-0.081	1.435	ENSG00000100299	.	0.3783	-5.207	p.Ser420Arg	0.978	0.968	0.772	24.89
22	50625423	C	T	2.558823	0.9139638342886924	-0.451596236886463	-0.459741960370722	-3.59	4.53	-0.83	0.882	0.539	0.187	0.001	0.991	0.678	2.58	ENSG00000100299	2.425310e-05	0.0963	-4.401	p.Ala418Thr	0.978	0.934	0.821	14.86
22	50625437	T	C	5.456666	0.9980705128461452	0.320625590261068	0.246121745654941	-2.53	5.57	-4.57	1.0	0.009	0.45	1.0	1.0	3.852	7.737	ENSG00000100299	1.634670e-06	0.7484	-3.272	p.Asp413Gly	0.984	0.798	0.738	-0.00049946
22	50625446	G	A	4.017793	0.9804424610323867	0.140014764691811	0.03716988193042	-2.65	4.36	-1.7	0.383	0.165	0.822	1.0	1.0	6.293	6.317	ENSG00000100299	5.522580e-06	0.3859	-3.303	p.Thr410Ile	0.969	0.919	0.736	2.91
22	50625452	C	G	5.325857	0.9921906305837824	0.497541965808852	0.516019047352824	-2.57	5.57	-1.5	0.994	0.083	0.63	1.0	1.0	5.696	7.522	ENSG00000100299	8.107200e-06	0.4512	-3.497	p.Ser408Thr	0.967	0.926	0.701	1.32
22	50625452	C	T	5.401613	0.9953685240620778	0.516389443547283	0.539474360976715	-2.57	5.57	-1.56	0.999	0.018	0.656	1.0	1.0	5.696	7.522	ENSG00000100299	.	0.8697	-3.433	p.Ser408Asn	0.968	0.736	0.649	1.27
22	50625453	T	C	4.482558	0.997742617972	0.515737517088358	0.513008438861808	-2.61	5.57	-1.64	1.0	0.011	0.87	1.0	1.0	7.518	7.734	ENSG00000100299	.	0.4098	-1.69	p.Ser408Gly	0.991	0.864	0.749	0.022
22	50625459	C	A	1.091536	0.912687506543076	-1.05967974681919	-1.16016882260811	-3.65	-3.47	-0.13	0.0	0.434	0.072	0.0	0.0	-1.383	-3.316	ENSG00000100299	6.892550e-07	0.084	-4.57	p.Ala406Ser	0.985	0.863	0.857	120.74
22	50625461	G	A	4.85734	0.9976562355985163	0.488931769756233	0.491934312170238	-3.73	4.56	-3.23	1.0	0.007	0.273	1.0	1.0	6.198	11.594	ENSG00000100299	1.615920e-06	0.599	-9.533	p.Ser405Phe	0.979	0.829	0.7	0.14
22	50625462	A	G	4.906195	0.9976766383773488	0.381242185177663	0.328400641086255	-3.68	4.48	-2.16	0.996	0.035	0.279	0.999	1.0	4.165	8.915	ENSG00000100299	1.615350e-06	0.8999	-6.405	p.Ser405Pro	0.94	0.871	0.764	0.12
22	50625582	G	C	2.598435	0.9869201765448924	0.233003238524274	0.0280144475428075	-2.61	5.59	-1.31	0.648	0.254	0.425	1.0	1.0	7.564	7.293	ENSG00000100299	.	0.0951	-7.82	p.Gln403Glu	0.978	0.878	0.687	30.88
22	50625586	G	C	2.873923	0.9963572277576864	0.126844033935096	0.0721308830647602	-2.52	3.48	-2.6	0.997	0.068	0.474	1.0	1.0	1.582	2.655	ENSG00000100299	.	0.9264	-7.697	p.Phe401Leu	0.972	0.912	0.638	18.76
22	50625592	G	C	2.711515	0.9953694126711768	0.314644241861099	0.38683763239263	-3.2	2.38	-7.6	1.0	0.003	0.848	0.795	1.0	0.094	1.351	ENSG00000100299	5.474810e-06	0.9065	-12.381	p.His399Gln	0.981	0.919	0.617	20.72
22	50625594	G	A	4.812935	0.997748141564403	0.836661856886662	0.826576757225564	-3.16	5.59	-5.66	1.0	0.003	0.865	1.0	1.0	9.487	11.522	ENSG00000100299	3.421700e-06	0.4179	-12.03	p.His399Tyr	0.962	0.864	0.453	1.25
22	50625609	C	G	4.131993	0.9989970996922888	0.466512812342699	0.501517587007915	-4.09	3.38	-3.56	0.998	0.052	0.465	0.987	1.0	3.733	5.795	ENSG00000100299	.	0.2835	-6.657	p.Gly394Arg	0.985	0.843	0.53	46.65
22	50625611	G	C	-0.122045	0.8297179587876604	-1.00922207557023	-1.15937330945236	-2.52	-0.0288	0.13	0.0	0.469	0.031	0.0	0.0	0.122	-0.606	ENSG00000100299	5.225580e-01	0.0662	-1.152	p.Thr393Ser	0.981	0.895	0.79	14.69
22	50625612	T	C	1.251736	0.8648993917328459	-0.571266283458984	-0.716635823181024	-2.5	2.11	-0.21	0.001	0.483	0.043	0.0	0.265	0.737	2.939	ENSG00000100299	3.421390e-05	0.0644	-1.269	p.Thr393Ala	0.985	0.933	0.761	71.47
22	50625614	C	A	4.358227	0.9985075243682192	0.775144686504898	0.834455420953969	-4.3	4.52	-6.92	1.0	0.0	0.896	0.998	1.0	5.669	7.484	ENSG00000100299	6.842630e-07	0.8114	-11.849	p.Arg392Leu	0.982	0.928	0.591	9.33
22	50625614	C	T	4.757668	0.9995335117209208	0.782488021828033	0.846698908356956	-4.28	4.52	-3.95	1.0	0.0	0.843	0.998	1.0	5.669	7.484	ENSG00000100299	1.368530e-05	0.4482	-11.633	p.Arg392Gln	0.981	0.851	0.614	41.55
22	50625615	G	A	4.552088	0.9992725770104296	0.748423182081233	0.830463811995771	-4.32	5.59	-7.9	1.0	0.0	0.877	0.996	1.0	1.873	6.411	ENSG00000100299	1.573810e-05	0.7355	-12.779	p.Arg392Trp	0.961	0.798	0.505	0.2
22	50625615	G	C	4.275764	0.9989771633212272	0.748423182081233	0.830463811995771	-4.3	5.59	-6.92	1.0	0.0	0.911	0.996	1.0	1.873	6.411	ENSG00000100299	6.842650e-07	0.9353	-14.716	p.Arg392Gly	0.976	0.877	0.502	9.48
22	50625617	A	C	4.222525	0.9969995234502382	0.743029054365252	0.837375296375063	-3.4	4.53	-6.13	1.0	0.001	0.621	0.995	1.0	8.848	9.084	ENSG00000100299	.	0.7074	-11.691	p.Val391Gly	0.978	0.941	0.585	
22	50625623	A	G	3.887295	0.998694082070412	0.421500716396652	0.38363888394838	-2.49	4.53	-5.94	1.0	0.009	0.863	1.0	1.0	7.053	7.793	ENSG00000100299	6.365450e-06	0.8076	-9.894	p.Phe389Ser	0.983	0.912	0.79	6.54
22	50625629	C	A	4.385334	0.9981232395540858	0.767188783213387	0.784558675182867	-3.67	5.59	-5.64	1.0	0.002	0.775	1.0	1.0	7.475	7.484	ENSG00000100299	.	0.8087	-10.655	p.Gly387Val	0.98	0.899	0.526	
22	50625629	C	G	4.284826	0.9984874832300868	0.667158721927082	0.649161540951729	-3.66	5.59	-3.56	1.0	0.011	0.6	1.0	1.0	7.475	7.484	ENSG00000100299	.	0.3537	-7.759	p.Gly387Ala	0.971	0.87	0.559	7.19
22	50625632	C	T	0.193192	0.799218522809961	-1.2397349258078	-1.21107112201981	-3.7	-7.11	0.0	0.013	0.597	0.037	0.0	0.0	-0.949	-3.805	ENSG00000100299	1.300010e-05	0.0803	-6.095	p.Arg386His	0.991	0.927	0.885	0.27
22	50625633	G	A	3.563097	0.998006202731532	-0.0361017610855149	0.0269793790043579	-3.7	4.28	-1.91	1.0	0.169	0.297	0.263	1.0	3.265	4.901	ENSG00000100299	1.642150e-05	0.1879	-9.051	p.Arg386Cys	0.975	0.854	0.612	13.5
22	50625633	G	C	2.719637	0.9850129057807988	-0.387920290098256	-0.481765285708071	-3.68	4.28	-2.03	0.979	0.319	0.222	0.263	1.0	3.265	4.901	ENSG00000100299	6.842290e-07	0.194	-5.733	p.Arg386Gly	0.987	0.899	0.7	31.53
22	50625639	C	T	2.617143	0.8647802674627653	-0.509835216409341	-0.62242066741399	-3.72	3.49	-0.32	0.01	1.0	0.735	0.068	0.99	1.129	2.586	ENSG00000100299	1.026340e-05	0.0901	-4.861	p.Glu384Lys	0.986	0.928	0.776	70.22
22	50625640	G	C	-0.982768	0.9607842557328132	-1.54430701106079	-1.50405798393148	-3.68	-9.06	-1.38	0.015	0.067	0.705	0.0	0.0	-1.314	-3.231	ENSG00000100299	.	0.2685	-1.455	p.Asp383Glu	0.968	0.858	0.727	
22	50625648	A	G	1.981697	0.7952461797386035	-1.26811345972814	-1.18816510685011	-2.49	-7.69	0.17	0.966	0.55	0.204	0.0	0.047	-0.668	1.124	ENSG00000100299	6.158230e-06	0.0975	-2.595	p.Tyr381His	0.964	0.914	0.808	90.54
22	50625653	G	A	5.32499	0.9988242629401888	0.332294006550593	0.324138318552572	-2.53	5.33	-5.34	0.999	0.031	0.603	1.0	1.0	7.57	11.53	ENSG00000100299	1.300090e-05	0.4344	-11.356	p.Pro379Leu	0.98	0.963	0.581	12.1
22	50625653	G	T	6.622085	0.992739909450103	0.4413286884857	0.468893617956023	-2.5	5.33	-3.56	0.998	0.044	0.542	1.0	1.0	7.57	11.53	ENSG00000100299	6.842580e-07	0.4356	-12.893	p.Pro379Gln	0.982	0.815	0.449	89.54
22	50625657	A	T	4.504971	0.9914045434120512	0.651485249446815	0.643446049485629	-3.51	5.33	-8.26	1.0	0.0	0.936	1.0	1.0	7.025	9.085	ENSG00000100299	.	0.7923	-11.293	p.Tyr378Asn	0.959	0.898	0.47	0.056
22	50625671	T	G	3.75645	0.9681304183904736	-0.292111497071165	-0.421453661441805	-3.59	4.57	-3.09	0.943	0.026	0.391	0.983	0.834	2.891	2.759	ENSG00000100299	9.581240e-06	0.0894	-6.198	p.Gln373Pro	0.983	0.915	0.523	89.98
22	50625674	C	T	5.90683	0.999527142179748	0.795723257857575	0.811544109518171	-4.07	5.59	-3.55	1.0	0.0	0.754	1.0	1.0	7.16	7.478	ENSG00000100299	5.475030e-06	0.4828	-9.737	p.Arg372Gln	0.979	0.883	0.561	23.32
22	50625675	G	A	5.934662	0.999198184137436	0.582515845508304	0.67234613323877	-4.13	3.43	-7.57	1.0	0.0	0.933	1.0	1.0	3.574	9.584	ENSG00000100299	2.737640e-06	0.4777	-10.906	p.Arg372Trp	0.972	0.855	0.439	0.29
22	50625936	C	A	5.744153	0.9974931774357124	0.314911756973271	0.248786769028915	-3.7	4.44	-1.84	0.971	0.25	0.773	1.0	1.0	4.349	5.833	ENSG00000100299	.	0.2601	-5.025	p.Lys369Asn	0.982	0.873	0.737	
22	50625964	A	G	4.939552	0.9991343289081024	0.75768916557895	0.831124355009485	-4.36	5.46	-5.5	1.0	0.002	0.951	1.0	1.0	7.136	10.997	ENSG00000100299	.	0.8864	-13.088	p.Leu360Pro	0.977	0.849	0.476	
22	50625968	C	A	4.974088	0.995285217063556	0.621780917503846	0.729063681917242	-4.01	4.45	-8.73	1.0	0.001	0.844	0.996	1.0	3.328	5.741	ENSG00000100299	1.699670e-06	0.6295	-14.602	p.Asp359Tyr	0.953	0.927	0.579	0.064
22	50625968	C	T	4.645528	0.998906924290591	0.407034859127435	0.402345081031841	-3.84	4.45	-4.84	0.991	0.003	0.311	0.996	1.0	3.328	5.741	ENSG00000100299	3.399340e-06	0.1507	-8.739	p.Asp359Asn	0.98	0.838	0.774	79.51
22	50625973	C	A	5.175413	0.9980276674380244	0.839873770722638	0.931517028292652	-6.92	5.47	-8.89	1.0	0.0	0.922	0.998	1.0	3.969	7.526	ENSG00000100299	7.029990e-07	0.9492	-14.861	p.Gly357Val	0.982	0.893	0.394	
22	50625976	T	A	5.314325	0.994591605941976	0.81397068794346	0.896532223025464	-3.99	5.47	-8.43	1.0	0.0	0.985	1.0	1.0	6.153	7.739	ENSG00000100299	.	0.948	-14.99	p.Asp356Val	0.976	0.881	0.687	0.03
22	50625982	G	C	3.451432	0.9735797515068668	0.0260095702505279	-0.212097009769472	-3.64	5.47	-1.11	0.218	0.345	0.074	1.0	1.0	4.045	7.414	ENSG00000100299	.	0.1275	-5.289	p.Thr354Ser	0.958	0.906	0.787	85.63
22	50625988	T	C	2.571416	0.996591085402394	0.082111164884658	-0.0875686075451086	-3.66	5.47	-1.17	0.689	0.229	0.148	0.939	1.0	1.458	4.957	ENSG00000100299	1.377070e-01	0.0737	-5.561	p.Asn352Ser	0.981	0.924	0.651	65.37
22	50625989	T	G	3.860294	0.9968365146246704	0.513122275060021	0.495812944556475	-3.78	5.47	-2.43	0.992	0.011	0.239	1.0	1.0	2.687	7.738	ENSG00000100299	3.380610e-06	0.1165	-7.538	p.Asn352His	0.985	0.861	0.477	54.53
22	50625994	A	T	4.737606	0.9957370204135114	0.711589442097644	0.743597026071367	-3.77	5.47	-4.53	1.0	0.004	0.642	1.0	1.0	5.106	7.9	ENSG00000100299	.	0.2074	-9.396	p.Leu350Gln	0.98	0.847	0.788	
22	50626004	C	G	3.341837	0.9989129958571916	0.181137143975642	0.309792584400042	-4.83	3.34	-6.5	0.966	0.002	0.194	0.005	0.261	1.221	1.648	ENSG00000100299	.	0.1696	-8.018	p.Gly347Arg	0.984	0.897	0.625	109.63
22	50626012	G	T	3.800442	0.9927848441802508	-0.0281501229795139	-0.148140015231794	-3.45	5.47	-2.0	0.534	0.189	0.438	0.447	1.0	3.511	8.449	ENSG00000100299	.	0.2388	-9.331	p.Ala344Asp	0.974	0.916	0.409	
22	50626019	G	C	1.72506	0.9885116673482808	-0.591773441602214	-0.672012131502765	-4.02	0.563	-0.44	0.236	0.313	0.182	0.454	0.244	0.435	0.825	ENSG00000100299	1.671890e-06	0.0997	-3.805	p.Leu342Val	0.97	0.868	0.821	78.3
22	50626030	A	G	5.192315	0.9990859877959524	0.729691858449056	0.783932992572914	-5.48	5.47	-5.86	1.0	0.002	0.802	1.0	1.0	7.107	10.995	ENSG00000100299	1.662860e-06	0.9356	-13.5	p.Leu338Pro	0.984	0.866	0.592	
22	50626033	T	A	5.162853	0.9944919564532032	0.771676429613898	0.89183074373683	-5.75	5.47	-8.86	1.0	0.0	0.991	1.0	1.0	5.964	7.737	ENSG00000100299	7.663690e-05	0.9829	-15.895	p.Asp337Val	0.977	0.939	0.412	0.018
22	50626054	T	C	2.377331	0.878143049728611	-0.144641658552285	-0.305325267876456	-3.66	4.44	-1.56	0.276	0.4	0.209	0.999	1.0	2.028	4.928	ENSG00000100299	6.936340e-06	0.0818	-5.954	p.His330Arg	0.986	0.901	0.603	16.28
22	50626057	G	A	4.688768	0.9967910907173128	0.553932140817178	0.551783656806654	-4.98	5.47	-3.63	0.999	0.004	0.643	1.0	1.0	9.455	11.599	ENSG00000100299	1.641850e-06	0.5317	-6.84	p.Thr329Ile	0.986	0.93	0.459	25.44
22	50626063	C	T	5.380504	0.9982611975532424	0.610637760555897	0.667342620522477	-4.08	5.47	-5.46	1.0	0.004	0.754	1.0	1.0	7.482	7.525	ENSG00000100299	.	0.3567	-10.936	p.Gly327Asp	0.975	0.857	0.462	
22	50626154	C	T	6.344202	0.9984794214013332	0.656363532554121	0.700974363902006	-4.06	5.4	-4.22	1.0	0.015	0.877	1.0	1.0	5.789	7.528	ENSG00000100299	1.725070e-05	0.1422	-8.638	p.Gly327Ser	0.979	0.848	0.667	77.44
22	50626160	C	T	0.37527	0.9037708951424686	-1.42666235674438	-1.36889488721792	-3.75	-8.56	0.18	0.0	0.58	0.177	0.0	0.0	-1.931	-4.243	ENSG00000100299	1.791800e-05	0.0638	-5.185	p.Ala325Thr	0.953	0.884	0.748	71.48
22	50626162	A	G	4.401124	0.9979902421621516	0.609709637736468	0.649951763832633	-3.8	5.4	-4.71	1.0	0.001	0.908	1.0	1.0	5.12	9.125	ENSG00000100299	3.230780e-06	0.5819	-8.065	p.Ile324Thr	0.986	0.91	0.395	40.08
22	50626163	T	C	3.080148	0.9982354238757948	0.473995903162822	0.461663231758127	-3.77	5.4	-0.99	0.999	0.053	0.634	1.0	1.0	6.06	1.478	ENSG00000100299	1.376940e-05	0.1199	-4.339	p.Ile324Val	0.987	0.994	0.935	33.84
22	50626173	C	A	6.639533	0.9955949945518728	0.813031226057216	0.891994505273931	-5.28	5.4	-11.15	1.0	0.002	0.973	1.0	1.0	7.781	7.528	ENSG00000100299	.	0.8374	-13.085	p.Trp320Cys	0.98	0.924	0.395	
22	50626175	A	C	5.163279	0.9718439504339688	0.719828188085956	0.764282650992387	-5.16	5.4	-11.21	1.0	0.044	0.894	1.0	1.0	6.098	9.125	ENSG00000100299	4.123810e-06	0.5343	-11.893	p.Trp320Gly	0.981	0.967	0.269	1.98
22	50626177	A	C	4.015279	0.9875900819048719	-0.0694887397209102	-0.0897161495535135	-5.02	1.8	-3.86	0.996	0.036	0.617	0.914	1.0	0.728	4.228	ENSG00000100299	1.374180e-06	0.3265	-5.91	p.Phe319Cys	0.964	0.899	0.603	21.07
22	50626182	C	A	3.618541	0.9935786915697056	-0.0714313279982932	-0.258483557840569	-5.25	4.36	-1.97	0.094	0.072	0.357	0.998	1.0	0.52	2.129	ENSG00000100299	1.604140e-06	0.2693	-4.286	p.Leu317Phe	0.982	0.837	0.68	111.33
22	50626186	G	T	6.042234	0.998006842836241	0.871576709909661	0.936498585593724	-5.12	5.4	-4.3	1.0	0.003	0.948	1.0	1.0	6.675	11.606	ENSG00000100299	.	0.9618	-14.624	p.Ala316Asp	0.963	0.929	0.578	
22	50626187	C	T	4.519492	0.9992214159898845	0.700655136350768	0.683891567402959	-5.04	5.4	-2.29	1.0	0.114	0.932	1.0	1.0	4.923	5.839	ENSG00000100299	2.058370e-06	0.1442	-4.898	p.Ala316Thr	0.975	0.938	0.67	55.7
22	50626191	C	A	1.950988	0.996663801483216	0.0713700440427238	0.168126341924947	-3.66	0.83	-2.11	0.983	0.346	0.659	0.03	0.01	-0.717	-0.146	ENSG00000100299	2.057400e-05	0.9629	-7.587	p.Glu314Asp	0.77	0.991	0.268	14.68
22	50626195	C	G	5.399148	0.9982611410751268	0.88205400684514	0.989139544963261	-4.2	5.4	-6.92	1.0	0.0	0.989	0.999	1.0	4.925	7.529	ENSG00000100299	.	0.9954	-14.603	p.Arg313Pro	0.983	0.892	0.489	
22	50626195	C	T	5.551049	0.9994968162326135	0.834894482030067	0.915294644066284	-4.12	5.4	-3.95	1.0	0.0	0.987	0.999	1.0	4.925	7.529	ENSG00000100299	1.576890e-05	0.5721	-12.269	p.Arg313Gln	0.979	0.879	0.402	0.096
22	50626201	C	G	4.868042	0.9981947804514684	0.760961798877508	0.82091715347546	-5.26	5.4	-5.93	1.0	0.0	0.973	1.0	1.0	6.046	7.529	ENSG00000100299	.	0.7417	-8.235	p.Gly311Ala	0.955	0.877	0.434	
22	50626201	C	T	5.22712	0.9985727145688648	0.861432090874837	0.978238898864672	-5.24	5.4	-6.92	1.0	0.0	0.992	1.0	1.0	6.046	7.529	ENSG00000100299	.	0.9757	-14.489	p.Gly311Asp	0.985	0.949	0.456	
22	50626202	C	T	5.225387	0.998904133842836	0.767996752680976	0.836866439957777	-5.26	5.4	-5.93	1.0	0.0	0.975	1.0	1.0	6.014	7.529	ENSG00000100299	1.301680e-05	0.72	-9.107	p.Gly311Ser	0.975	0.886	0.71	0.28
22	50626204	C	A	6.413568	0.9978815283572497	0.891060074912644	1.01101057295859	-5.34	5.4	-8.89	1.0	0.0	0.996	1.0	1.0	4.982	7.529	ENSG00000100299	.	0.979	-14.865	p.Gly310Val	0.979	0.92	0.347	
22	50626204	C	T	5.410045	0.9985405336066188	0.867480312505108	0.974088122510097	-5.28	5.4	-6.92	1.0	0.0	0.984	1.0	1.0	4.982	7.529	ENSG00000100299	1.595150e-06	0.9699	-13.097	p.Gly310Asp	0.972	0.946	0.246	
22	50626208	C	G	4.823277	0.998321723523274	0.754805777299118	0.843711792159023	-4.12	5.4	-2.89	0.997	0.005	0.965	1.0	1.0	4.927	7.528	ENSG00000100299	6.847650e-07	0.904	-9.848	p.Glu309Gln	0.974	0.942	0.373	
22	50626208	C	T	5.302577	0.9992525296341062	0.8170451717124	0.942496635078853	-4.13	5.4	-3.87	0.999	0.004	0.978	1.0	1.0	4.927	7.528	ENSG00000100299	8.217170e-06	0.9698	-11.192	p.Glu309Lys	0.966	0.927	0.514	1.36
22	50626211	A	G	4.678649	0.9979054965803827	0.47452820693581	0.53001368001008	-3.87	5.4	-4.53	1.0	0.0	0.826	0.911	1.0	6.169	11.0	ENSG00000100299	.	0.5282	-6.719	p.Tyr308His	0.973	0.905	0.515	
22	50626216	G	A	5.22087	0.99891535851954	0.559486066730676	0.660821511998541	-3.81	5.4	-4.46	1.0	0.001	0.903	1.0	1.0	7.974	11.6	ENSG00000100299	2.737970e-06	0.4527	-8.752	p.Thr306Met	0.969	0.859	0.43	0.087
22	50626221	C	A	2.959123	0.9973057609288009	-0.23510352195012	0.0810761031975931	-4.35	-4.35	-4.89	1.0	0.0	0.968	0.418	0.778	-0.067	-0.023	ENSG00000100299	.	0.9951	-13.371	p.Lys304Asn	0.965	0.853	0.625	
22	50626222	T	A	4.659044	0.9955813982493292	0.62319489265402	0.755211712308261	-4.42	5.4	-5.86	1.0	0.0	0.844	1.0	1.0	5.043	7.738	ENSG00000100299	.	0.9913	-13.796	p.Lys304Met	0.977	0.915	0.6	
22	50626222	T	C	4.501899	0.9985840699168796	0.658902290003612	0.811869161844937	-4.39	5.4	-2.93	1.0	0.0	0.912	1.0	1.0	5.043	7.738	ENSG00000100299	.	0.7745	-13.016	p.Lys304Arg	0.966	0.913	0.429	
22	50626226	C	G	4.394458	0.9991994326724308	0.573395522348531	0.609087032380468	-3.8	5.4	-7.5	1.0	0.001	0.954	1.0	1.0	6.013	7.528	ENSG00000100299	.	0.9303	-12.271	p.Gly303Arg	0.967	0.806	0.682	0.052
22	50626231	C	G	4.153665	0.9966211594999124	0.216043689841854	0.297798945141238	-5.19	3.32	-4.88	0.999	0.004	0.775	0.993	0.923	2.581	1.717	ENSG00000100299	.	0.8749	-11.877	p.Arg301Pro	0.973	0.93	0.382	
22	50626231	C	T	5.530088	0.9991629140983008	0.229113844814885	0.321574270737181	-5.08	3.32	-2.44	1.0	0.011	0.543	0.993	0.923	2.581	1.717	ENSG00000100299	1.847790e-05	0.1851	-7.268	p.Arg301Gln	0.976	0.859	0.748	9.84
22	50626232	G	A	3.874706	0.999116427668888	0.353434562524735	0.484679977549466	-5.24	3.17	-6.35	1.0	0.001	0.85	1.0	1.0	3.052	2.511	ENSG00000100299	4.791100e-06	0.3306	-10.709	p.Arg301Trp	0.974	0.947	0.568	0.009
22	50626232	G	C	3.049249	0.9985267979639316	0.34133598680997	0.474220099031964	-5.17	3.17	-5.37	1.0	0.003	0.681	1.0	1.0	3.052	2.511	ENSG00000100299	2.053330e-06	0.5705	-9.121	p.Arg301Gly	0.981	0.894	0.45	1.21
22	50626233	C	A	2.215223	0.9976885955629728	-0.0868407488969563	-0.0530315652781865	-3.72	1.93	-3.11	0.98	0.111	0.718	0.982	1.0	0.276	1.606	ENSG00000100299	6.843500e-07	0.2319	-2.603	p.Leu300Phe	0.983	0.7	0.801	36.14
22	50626234	A	G	4.445602	0.998274911464319	0.635728314089079	0.745655162998854	-3.87	5.4	-5.4	1.0	0.001	0.974	1.0	1.0	5.144	11.0	ENSG00000100299	6.367890e-06	0.9528	-10.467	p.Leu300Ser	0.973	0.928	0.393	
22	50626237	A	G	2.419921	0.97204701425169	-0.463559396193771	-0.628429417890173	-3.41	3.29	-3.69	0.772	0.125	0.435	0.799	1.0	1.496	3.387	ENSG00000100299	1.592010e-06	0.111	-5.845	p.Leu299Pro	0.948	0.782	0.79	54.0
22	50626238	G	A	4.21329	0.998097653393948	0.404543377370656	0.389313358499385	-3.7	5.4	-3.07	0.962	0.044	0.455	1.0	1.0	5.631	7.222	ENSG00000100299	.	0.1835	-9.321	p.Leu299Phe	0.966	0.896	0.617	
22	50626240	C	A	4.509134	0.9979933074941596	0.774079313024007	0.865978246002201	-5.1	5.4	-8.79	1.0	0.0	0.96	1.0	1.0	4.898	7.526	ENSG00000100299	.	0.8496	-12.03	p.Gly298Val	0.98	0.895	0.722	
22	50626241	C	T	4.831002	0.9988961291674228	0.73679597247919	0.772015446252991	-5.15	5.4	-5.86	1.0	0.0	0.903	1.0	1.0	7.748	7.526	ENSG00000100299	1.505620e-05	0.2942	-9.409	p.Gly298Ser	0.969	0.892	0.678	11.23
22	50626246	C	T	3.656433	0.9952592537422632	0.221247042144176	0.19550493916676	-4.98	3.13	-1.98	0.995	0.029	0.819	1.0	1.0	2.127	1.43	ENSG00000100299	.	0.2604	-7.038	p.Cys296Tyr	0.987	0.812	0.739	
22	50626249	C	T	4.55724	0.998612583367114	0.701370897682426	0.722080618319774	-3.96	5.21	-6.84	1.0	0.0	0.986	1.0	1.0	6.063	7.514	ENSG00000100299	.	0.9637	-12.108	p.Gly295Asp	0.98	0.924	0.631	
22	50626250	C	A	4.77593	0.9981111441630096	0.794289368506349	0.87472270429296	-4.01	5.21	-8.76	1.0	0.0	0.981	1.0	1.0	6.05	7.514	ENSG00000100299	.	0.9366	-13.651	p.Gly295Cys	0.976	0.883	0.543	0.14
22	50626250	C	T	5.221088	0.9989581317327244	0.67536534940747	0.688505128117974	-3.96	5.21	-5.76	1.0	0.0	0.979	1.0	1.0	6.05	7.514	ENSG00000100299	6.159400e-06	0.6583	-11.519	p.Gly295Ser	0.972	0.832	0.682	0.17
22	50626255	C	T	1.686968	0.9939276542080256	-0.601576837892096	-0.555863417722024	-3.69	-1.46	-0.93	0.972	0.217	0.52	0.03	0.0	0.423	-2.036	ENSG00000100299	1.984830e-05	0.1336	-2.882	p.Arg293Gln	0.987	0.923	0.791	64.96
22	50626258	G	A	3.266755	0.9845406170108024	-0.0179081537372057	-0.193220634360398	-3.72	2.88	-2.23	0.118	0.162	0.383	1.0	1.0	3.863	4.252	ENSG00000100299	1.592460e-06	0.2818	-6.118	p.Ser292Phe	0.989	0.846	0.651	114.02
22	50626264	C	T	5.417183	0.9992049355717652	0.609095393470965	0.585863667563803	-5.03	5.21	-2.0	1.0	0.544	0.845	1.0	1.0	4.976	7.514	ENSG00000100299	1.875690e-04	0.3816	-5.4	p.Arg290His	0.981	0.847	0.826	5.06
22	50626265	G	A	5.063701	0.9990416077765998	0.546691696262403	0.602599676138357	-5.04	4.19	-3.32	1.0	0.178	0.833	1.0	1.0	4.141	6.196	ENSG00000100299	6.845920e-06	0.6866	-8.2	p.Arg290Cys	0.969	0.933	0.507	0.63
22	50626265	G	T	4.228578	0.997297005208452	0.363536443357929	0.336734979945787	-4.95	4.19	-1.95	1.0	0.465	0.929	1.0	1.0	4.141	6.196	ENSG00000100299	.	0.9084	-3.212	p.Arg290Ser	0.981	0.849	0.6	
22	50626267	A	G	3.062493	0.8992586524404138	-0.0214541391564968	-0.217774590116046	-3.62	4.14	-2.11	0.562	0.378	0.745	1.0	1.0	2.276	9.097	ENSG00000100299	1.163780e-05	0.2649	-7.069	p.Met289Thr	0.98	0.821	0.78	2.54
22	50626270	G	T	4.114884	0.99276175546576	0.403729782872866	0.411573353131434	-5.07	4.19	-2.27	0.99	0.052	0.651	1.0	1.0	5.33	7.267	ENSG00000100299	4.781550e-06	0.2453	-9.455	p.Thr288Asn	0.955	0.928	0.803	3.7
22	50626271	T	G	4.187939	0.9960357268539168	0.27825031349609	0.284062695009018	-5.04	4.16	-2.62	0.999	0.037	0.825	1.0	1.0	3.09	3.7	ENSG00000100299	3.697240e-05	0.3068	-8.174	p.Thr288Pro	0.979	0.894	0.73	80.66
22	50626274	C	G	4.201765	0.997849314586061	0.485979074964136	0.480689863931328	-5.03	5.21	-0.56	0.998	0.225	0.671	0.996	1.0	3.393	7.514	ENSG00000100299	3.424010e-06	0.5804	-10.731	p.Glu287Gln	0.982	0.927	0.75	2.27
22	50626277	G	A	5.595003	0.9991765624646484	0.569191415531499	0.648561186673407	-5.07	5.21	-7.48	1.0	0.007	0.957	1.0	1.0	6.764	11.582	ENSG00000100299	.	0.7901	-10.452	p.Pro286Ser	0.976	0.818	0.836	
22	50626277	G	T	5.637706	0.9975768622401834	0.574308392204193	0.655702705659093	-5.12	5.21	-7.52	1.0	0.003	0.922	1.0	1.0	6.764	11.582	ENSG00000100299	3.190250e-06	0.9048	-9.877	p.Pro286Thr	0.966	0.772	0.686	0.14
22	50626593	A	C	0.81053	0.9909177246520116	-0.452565833197669	-0.178934417188667	-4.06	-3.43	-5.78	1.0	0.003	0.912	0.0	0.0	-2.0	-5.845	ENSG00000100299	.	0.993	-17.491	p.Asn284Lys	0.981	0.919	0.61	
22	50626594	T	C	6.657764	0.9983866379140864	0.64378278811576	0.755553523931322	-4.06	5.25	-4.75	1.0	0.032	0.757	0.997	1.0	2.657	7.799	ENSG00000100299	2.053610e-06	0.6052	-12.316	p.Asn284Ser	0.984	0.904	0.639	0.0089
22	50626596	G	C	3.616978	0.9954099684771412	0.302428966105931	0.441866701841323	-8.53	1.54	-3.91	0.999	0.0	0.889	1.0	1.0	1.549	3.51	ENSG00000100299	.	0.9903	-13.205	p.Asp283Glu	0.983	0.889	0.464	
22	50626598	C	T	5.136389	0.9992663881485736	0.761454838447689	0.882772843302732	-8.54	5.25	-4.89	1.0	0.0	0.934	1.0	1.0	4.635	7.583	ENSG00000100299	.	0.9555	-11.514	p.Asp283Asn	0.961	0.9	0.5	
22	50626603	G	A	5.131101	0.9988172747245984	0.671689696563912	0.710939133363135	-5.28	5.25	-5.09	0.994	0.002	0.948	1.0	1.0	9.811	11.693	ENSG00000100299	.	0.6535	-8.298	p.Thr281Ile	0.982	0.883	0.524	31.9
22	50626608	G	C	4.076361	0.9945076600461213	0.25824105864174	0.283314111888968	-4.0	2.79	-0.93	0.983	0.063	0.61	1.0	1.0	1.364	7.303	ENSG00000100299	1.591970e-06	0.1784	-7.201	p.Ile279Met	0.977	0.913	0.738	95.14
22	50626613	C	A	3.677373	0.995643803123604	0.304086912544836	0.33180497947143	-4.21	4.21	-4.12	0.958	0.058	0.839	0.871	1.0	0.901	1.722	ENSG00000100299	9.549610e-06	0.2742	-6.551	p.Val278Phe	0.983	0.931	0.721	79.71
22	50626615	A	G	5.100782	0.9988466128579008	0.624894990971648	0.749013459998646	-4.1	4.22	-5.94	1.0	0.002	0.938	0.982	1.0	5.155	11.067	ENSG00000100299	1.200320e-06	0.9379	-14.61	p.Leu277Pro	0.975	0.867	0.458	
22	50626618	G	A	5.189498	0.9992072126649356	0.856234645042549	0.975850086040178	-4.83	5.25	-5.86	1.0	0.0	0.764	1.0	1.0	6.577	11.693	ENSG00000100299	2.736840e-06	0.5539	-11.712	p.Thr276Met	0.949	0.905	0.505	0.098
22	50626619	T	A	4.329718	0.996560944747955	0.657667985649188	0.744885225108364	-4.74	5.25	-3.91	1.0	0.0	0.686	1.0	1.0	4.076	7.799	ENSG00000100299	7.252460e-05	0.4845	-6.643	p.Thr276Ser	0.979	0.946	0.414	20.32
22	50626625	C	T	1.522301	0.8860692303318992	-1.12762465170377	-1.13277425554201	-3.78	-1.66	-1.64	0.001	0.65	0.218	0.054	0.0	0.831	-0.285	ENSG00000100299	1.026260e-05	0.0865	-4.699	p.Glu274Lys	0.982	0.884	0.732	96.39
22	50626630	A	T	4.607562	0.9952864247426678	0.467209714447897	0.511781343176219	-4.09	5.25	-4.65	1.0	0.002	0.619	0.942	1.0	6.028	9.157	ENSG00000100299	.	0.1844	-8.135	p.Leu272Gln	0.988	0.811	0.781	69.09
22	50626634	C	G	4.297533	0.9993083576100072	0.6551999970276	0.716381697055965	-4.54	5.25	-5.33	0.998	0.007	0.703	0.66	1.0	3.202	5.891	ENSG00000100299	1.590790e-06	0.1944	-6.207	p.Gly271Arg	0.95	0.808	0.563	77.58
22	50626642	C	A	1.121221	0.9817324377727352	-0.197443761828021	-0.278923392955587	-3.68	4.17	-0.84	0.706	0.178	0.33	0.019	0.0	1.762	0.091	ENSG00000100299	6.841130e-07	0.1672	-5.876	p.Gly268Val	0.901	0.813	0.644	98.53
22	50626643	C	G	-0.055851	0.6472080859392387	-1.40929200399045	-1.56892821525663	-3.56	2.01	1.93	0.002	0.489	0.215	0.005	0.0	0.285	-0.177	ENSG00000100299	.	0.0823	-3.575	p.Gly268Arg	0.962	0.801	0.812	104.09
22	50626645	A	G	3.575851	0.9968452564058348	0.242414415416384	0.297943429592117	-3.76	5.25	-3.08	0.959	0.004	0.511	0.689	0.989	5.139	9.21	ENSG00000100299	3.181430e-06	0.2717	-7.649	p.Ile267Thr	0.975	0.933	0.302	33.58
22	50626646	T	C	0.687096	0.4707951771309528	-1.20451903879637	-1.20388160072042	-3.68	-6.48	-0.72	0.0	0.414	0.27	0.437	0.001	0.904	0.027	ENSG00000100299	1.026160e-05	0.0824	-2.795	p.Ile267Val	0.953	0.874	0.733	79.07
22	50626664	C	G	4.912446	0.9992689149472652	0.653474181247381	0.751710956245367	-4.48	5.38	-7.1	1.0	0.005	0.973	1.0	1.0	5.992	7.585	ENSG00000100299	3.181230e-06	0.4947	-10.703	p.Gly261Arg	0.983	0.826	0.521	40.96
22	50626674	A	C	2.313407	0.9929447422388484	-0.166860211631539	0.124984617480091	-6.76	-0.981	-3.77	0.995	0.0	0.865	0.0	0.0	-0.139	-2.006	ENSG00000100299	.	0.9663	-10.308	p.Asp257Glu	0.956	0.897	0.577	0.4
22	50626676	C	G	5.251817	0.9951629640093383	0.738811995121816	0.85214875479432	-6.78	5.38	-6.61	1.0	0.0	0.973	1.0	1.0	7.693	7.585	ENSG00000100299	2.325890e-05	0.9889	-12.439	p.Asp257His	0.989	0.913	0.649	0.012
22	50626676	C	T	5.245679	0.9991902293434048	0.744462579804735	0.858762038764021	-6.72	5.38	-4.72	1.0	0.0	0.894	1.0	1.0	7.693	7.585	ENSG00000100299	1.368170e-06	0.9359	-10.131	p.Asp257Asn	0.985	0.809	0.503	3.39
22	50626682	C	T	5.118163	0.9992766067585827	0.680025835049611	0.73934852269873	-5.17	5.25	-3.51	1.0	0.006	0.968	1.0	1.0	5.841	7.585	ENSG00000100299	4.771740e-06	0.9039	-10.966	p.Glu255Lys	0.98	0.914	0.744	0.13
22	50626684	A	G	3.4636	0.749634950173956	0.234710835603069	0.133699275581765	-4.9	5.38	-0.53	0.969	0.669	0.591	0.999	1.0	3.996	11.085	ENSG00000100299	2.052250e-06	0.287	-6.7	p.Met254Thr	0.985	0.884	0.708	130.19
22	50626688	G	C	2.405636	0.9876407499848268	-0.173370726760407	-0.117324512527393	-4.92	-2.1	-1.1	1.0	0.17	0.794	0.943	1.0	1.466	2.939	ENSG00000100299	1.200320e-06	0.1865	-5.273	p.Leu253Val	0.968	0.831	0.868	3.93
22	50626690	G	T	4.865924	0.994636628610836	0.591033921128256	0.586947855593021	-5.27	5.38	-2.49	0.998	0.025	0.621	1.0	1.0	7.826	11.693	ENSG00000100299	.	0.9268	-10.321	p.Ser252Tyr	0.985	0.908	0.215	
22	50626691	A	G	3.687252	0.9975587804250172	0.0722063581553319	0.16664731748705	-5.27	0.272	-2.08	0.981	0.157	0.776	0.998	0.997	1.671	1.238	ENSG00000100299	.	0.9524	-9.103	p.Ser252Pro	0.983	0.956	0.525	
22	50626699	A	C	4.661407	0.9929811204890414	0.479140330002709	0.562479375250713	-5.07	5.38	-5.98	1.0	0.001	0.896	1.0	1.0	4.029	9.154	ENSG00000100299	1.590590e-06	0.943	-8.346	p.Phe249Cys	0.986	0.908	0.497	
22	50626699	A	G	4.730864	0.9986097983306228	0.492178783508643	0.582990192986397	-5.03	5.38	-6.01	1.0	0.002	0.971	1.0	1.0	4.029	9.154	ENSG00000100299	1.113410e-05	0.9118	-9.158	p.Phe249Ser	0.98	0.881	0.628	0.1
22	50626706	C	G	5.013732	0.9993021771186582	0.541197579851817	0.580049788123935	-3.64	5.38	-7.81	1.0	0.0	0.948	0.995	1.0	5.79	7.583	ENSG00000100299	.	0.835	-10.021	p.Gly247Arg	0.965	0.905	0.45	0.23
22	50626708	C	T	5.145951	0.9993817243171728	0.538313992358432	0.569085989663724	-5.04	5.38	-4.11	1.0	0.006	0.909	1.0	1.0	5.93	7.583	ENSG00000100299	1.368200e-05	0.2594	-7.579	p.Arg246His	0.965	0.962	0.641	0.13
22	50626709	G	A	5.235929	0.9993899773976475	0.657234877952481	0.739213864887405	-5.13	5.38	-6.36	1.0	0.002	0.944	1.0	1.0	6.067	7.414	ENSG00000100299	2.804830e-05	0.4592	-9.077	p.Arg246Cys	0.979	0.889	0.364	0.006
22	50626712	C	T	2.23998	0.5039466216689034	-0.669434061752492	-0.841075967283964	-3.87	4.36	0.68	0.006	0.737	0.275	0.011	0.993	1.075	2.703	ENSG00000100299	.	0.086	-5.481	p.Gly245Ser	0.955	0.836	0.783	
22	50626714	G	A	5.171572	0.9991451720523192	0.584141094959786	0.657163988185452	-3.65	5.38	-4.88	0.999	0.001	0.387	1.0	1.0	6.273	11.691	ENSG00000100299	1.590710e-06	0.5866	-11.925	p.Ser244Leu	0.975	0.873	0.688	0.48
22	50626717	C	T	0.189271	0.8621807510131916	-1.43399756033814	-1.35584404309011	-5.11	-6.0	-0.94	0.018	0.383	0.147	0.0	0.0	-3.23	-4.758	ENSG00000100299	6.977900e-05	0.0789	-6.727	p.Arg243His	0.941	0.938	0.646	13.22
22	50626718	G	A	3.555265	0.9988809364987548	-0.0641459784461964	0.0653442901467057	-5.13	5.38	-2.33	1.0	0.085	0.227	0.0	0.913	0.684	4.36	ENSG00000100299	5.336160e-05	0.1369	-8.542	p.Arg243Cys	0.979	0.894	0.337	86.93
22	50626733	G	C	0.994906	0.4236762163092922	-0.760333491974516	-0.913892277669576	-3.52	1.58	0.59	0.001	1.0	0.176	0.0	0.515	-0.108	1.09	ENSG00000100299	5.473370e-06	0.0714	-2.863	p.Gln238Glu	0.971	0.927	0.841	114.7
22	50626740	G	C	3.684434	0.9983915043312134	0.244610894625009	0.269306383274796	-5.05	2.08	-5.4	1.0	0.006	0.661	1.0	1.0	1.865	2.384	ENSG00000100299	.	0.9919	-6.41	p.Phe235Leu	0.968	0.962	0.494	0.069
22	50626744	T	C	5.562376	0.9986137621134092	0.529587801134915	0.479384596532632	-3.62	5.38	-2.55	0.999	0.267	0.83	1.0	1.0	4.926	6.089	ENSG00000100299	.	0.7161	-11.319	p.Gln234Arg	0.978	0.875	0.302	-0.00554738
22	50626748	G	C	4.839191	0.9962241033785054	0.828078736424561	0.849085968182955	-4.7	5.38	-7.71	1.0	0.005	0.894	1.0	1.0	7.827	11.694	ENSG00000100299	3.186400e-06	0.8634	-6.403	p.Pro233Ala	0.974	0.686	0.574	0.17
22	50626752	G	C	5.086194	0.9921975323419564	0.439382299925372	0.553360781617839	-8.27	3.27	-7.73	1.0	0.002	0.946	1.0	1.0	3.392	8.512	ENSG00000100299	.	0.9894	-14.767	p.His231Gln	0.977	0.816	0.666	
22	50626760	G	A	5.675102	0.9972185889812608	0.719968382251196	0.731740428953494	-5.09	5.38	-2.84	1.0	0.162	0.926	1.0	1.0	7.697	11.694	ENSG00000100299	2.054300e-06	0.6971	-8.156	p.His229Tyr	0.984	0.844	0.278	
22	50626836	G	C	5.002336	0.9926189436017963	0.479859070784393	0.464560267350146	-4.96	5.38	-3.56	0.999	0.069	0.873	1.0	1.0	7.352	9.778	ENSG00000100299	3.424120e-06	0.8182	-6.706	p.His228Asp	0.982	0.859	0.545	18.07
22	50626838	G	C	4.686053	0.9843906201028594	0.743025158725664	0.792890892872877	-5.06	5.38	-2.31	1.0	0.183	0.833	1.0	1.0	9.446	11.692	ENSG00000100299	1.027160e-05	0.2233	-9.755	p.Ser227Cys	0.977	0.876	0.415	0.063
22	50626841	G	A	4.811631	0.9993557538508264	0.75045128730051	0.825014779571007	-5.15	5.38	-3.4	1.0	0.007	0.796	1.0	1.0	7.558	9.78	ENSG00000100299	9.582430e-06	0.7112	-9.655	p.Ala226Val	0.965	0.947	0.285	7.88
22	50626844	T	C	4.437615	0.9982226560942716	0.512953364988999	0.572642485372015	-5.06	5.38	-4.78	1.0	0.002	0.836	1.0	1.0	3.164	6.053	ENSG00000100299	3.559190e-05	0.4375	-11.824	p.Tyr225Cys	0.978	0.958	0.34	93.19
22	50626847	T	C	4.725694	0.9982835782955938	0.588479818662109	0.663580147481388	-5.3	5.38	-8.44	1.0	0.001	0.935	1.0	1.0	5.894	4.982	ENSG00000100299	1.591970e-06	0.4843	-14.226	p.Tyr224Cys	0.975	0.723	0.483	9.92
22	50626857	A	T	4.864873	0.9919534702489784	0.667800681976213	0.779756626011337	-4.34	5.38	-5.85	1.0	0.0	0.958	1.0	1.0	5.949	9.222	ENSG00000100299	1.200430e-06	0.729	-10.196	p.Phe221Ile	0.988	0.9	0.302	
22	50626859	G	A	5.310428	0.999103055193424	0.836099918355851	0.960402543131467	-4.76	5.38	-8.86	1.0	0.002	0.953	1.0	1.0	9.287	11.694	ENSG00000100299	1.155220e-03	0.4588	-10.589	p.Pro220Leu	0.958	0.902	0.196	17.11
22	50626860	G	A	4.853651	0.9991937032022504	0.624079054376036	0.687874447508359	-4.77	5.38	-6.96	0.994	0.047	0.951	1.0	1.0	6.222	9.803	ENSG00000100299	7.528140e-06	0.3138	-10.302	p.Pro220Ser	0.98	0.875	0.501	80.94
22	50626860	G	T	4.806606	0.9980395665889242	0.681429703307491	0.77378914621996	-4.78	5.38	-7.09	0.963	0.007	0.955	1.0	1.0	6.222	9.803	ENSG00000100299	1.984690e-05	0.4014	-11.843	p.Pro220Thr	0.985	0.892	0.588	47.18
22	50626862	C	T	3.567962	0.9979662476004614	-0.433231700974337	-0.492357518782096	-3.81	2.91	-1.27	0.344	0.048	0.796	0.0	1.0	0.464	2.198	ENSG00000100299	2.463900e-05	0.0926	-6.333	p.Arg219His	0.982	0.961	0.499	17.18
22	50626863	G	A	5.093486	0.9991451994438932	0.173057480455925	0.240672113311482	-3.84	5.38	-3.18	1.0	0.02	0.3	0.056	1.0	1.852	8.485	ENSG00000100299	2.737560e-06	0.1211	-9.306	p.Arg219Cys	0.806	0.776	0.65	56.88
22	50626871	C	T	2.223922	0.9919812709264348	-0.575035462029169	-0.67764893937241	-3.67	3.29	-0.59	0.04	0.183	0.169	0.714	0.0	0.527	-0.925	ENSG00000100299	8.212870e-06	0.0789	-5.681	p.Arg216His	0.988	0.862	0.812	31.89
22	50626872	G	A	4.216692	0.9980542039427712	-0.213678896564861	-0.158447222082702	-3.74	4.37	-3.07	1.0	0.027	0.493	0.956	0.999	1.847	4.323	ENSG00000100299	3.421990e-06	0.1433	-8.77	p.Arg216Cys	0.977	0.964	0.377	20.5
22	50626873	C	A	2.603057	0.9637256868426374	-0.783321791067457	-0.842736621742965	-5.08	-1.45	-0.93	0.003	0.132	0.207	0.954	0.987	0.101	0.313	ENSG00000100299	1.368780e-05	0.1553	-4.113	p.Gln215His	0.975	0.941	0.675	46.84
22	50626877	G	A	3.513931	0.9990345403310628	0.0674240495174133	0.0769852629076317	-5.06	5.37	-1.68	0.9	0.109	0.828	1.0	1.0	2.934	11.694	ENSG00000100299	9.102340e-05	0.3514	-7.01	p.Ala214Val	0.968	0.89	0.703	0.45
22	50626877	G	T	3.692629	0.9953046281706114	0.0140990971243554	-0.0013576957003148	-5.06	5.37	-0.88	0.866	0.197	0.365	1.0	1.0	2.934	11.694	ENSG00000100299	2.053160e-06	0.8449	-14.845	p.Ala214Asp	0.984	0.779	0.322	0.16
22	50626878	C	G	4.180083	0.9963292786713184	0.196038642672424	0.25744170940261	-5.12	5.37	-1.81	0.992	0.163	0.834	0.986	1.0	2.725	7.585	ENSG00000100299	6.844120e-07	0.8708	-11.456	p.Ala214Pro	0.975	0.933	0.681	0.14
22	50626878	C	T	3.393769	0.996388218000902	-0.119085980478373	-0.174648553076612	-5.07	5.37	-0.45	0.481	0.336	0.361	0.986	1.0	2.725	7.585	ENSG00000100299	4.106470e-06	0.2706	-8.558	p.Ala214Thr	0.979	0.903	0.547	1.25
22	50626881	C	T	3.025055	0.9945139546247144	-0.218075921044909	-0.251052695812465	-3.69	5.37	-0.42	0.578	0.317	0.437	0.013	1.0	1.563	7.585	ENSG00000100299	4.106470e-05	0.1276	-7.034	p.Asp213Asn	0.981	0.87	0.653	57.2
22	50626885	C	A	1.780014	0.3002927092877851	-0.721690799527068	-0.960969133350037	-4.71	4.35	1.85	0.0	1.0	0.261	0.004	1.0	-0.086	5.896	ENSG00000100299	.	0.3442	-1.014	p.Met211Ile	0.968	0.924	0.601	83.46
22	50626889	A	G	4.714236	0.9983830029060952	0.441602631594397	0.47349009766476	-3.76	5.37	-3.42	1.0	0.003	0.939	1.0	1.0	4.128	9.222	ENSG00000100299	.	0.9612	-15.417	p.Leu210Pro	0.972	0.911	0.394	
22	50626889	A	T	4.391113	0.9830989435057252	0.394090289142637	0.402566461644791	-3.75	5.37	-1.43	0.999	0.003	0.611	1.0	1.0	4.128	9.222	ENSG00000100299	6.843870e-06	0.6712	-10.245	p.Leu210His	0.973	0.964	0.558	28.18
22	50626896	G	A	1.999548	0.4241078252849775	-0.669099979223118	-0.70888215113998	-3.64	4.33	-0.1	0.229	0.196	0.18	0.046	0.754	1.097	3.814	ENSG00000100299	1.592210e-06	0.1144	-6.872	p.His208Tyr	0.986	0.847	0.823	106.14
22	50626898	G	T	4.250641	0.9956456957453924	0.486806054049774	0.669816337998705	-5.44	5.37	-3.53	0.962	0.002	0.676	0.825	1.0	3.915	11.694	ENSG00000100299	1.592210e-06	0.9259	-13.91	p.Ala207Asp	0.924	0.872	0.459	1.2
22	50626899	C	T	2.870727	0.9985249223277662	-0.0111731359339883	0.12868806189027	-5.33	4.27	-2.45	0.979	0.044	0.484	0.467	0.481	1.263	1.032	ENSG00000100299	2.669270e-05	0.1282	-6.492	p.Ala207Thr	0.883	0.745	0.663	85.44
22	50626902	A	C	3.08624	0.9507866375098164	0.177578874278041	0.233268530293379	-4.98	5.37	-1.76	0.989	0.15	0.856	1.0	1.0	6.009	11.086	ENSG00000100299	1.592250e-06	0.6984	-8.132	p.Phe206Val	0.983	0.947	0.383	25.31
22	50626910	T	C	4.212211	0.9970150216651108	0.479426681733258	0.568397917649642	-5.02	5.37	-8.18	1.0	0.001	0.966	1.0	1.0	5.729	7.799	ENSG00000100299	2.737870e-06	0.7514	-9.799	p.Tyr203Cys	0.97	0.795	0.467	3.56
22	50626911	A	G	4.006741	0.9975862771281526	0.449067531420657	0.55578560548169	-5.02	5.37	-4.68	1.0	0.0	0.954	1.0	1.0	4.861	11.086	ENSG00000100299	1.592510e-06	0.844	-9.194	p.Tyr203His	0.941	0.877	0.407	2.67
22	50626913	C	T	1.928453	0.9989331484603848	-0.34982871404141	-0.296612506166027	-5.14	2.92	-2.61	0.996	0.088	0.066	0.0	0.988	-0.122	0.78	ENSG00000100299	1.211540e-04	0.0938	-8.251	p.Arg202His	0.972	0.948	0.753	72.64
22	50626914	G	A	4.694634	0.9992616092287152	0.14510810239684	0.262107014914687	-5.16	5.37	-5.04	1.0	0.004	0.508	0.001	1.0	1.138	8.53	ENSG00000100299	1.026730e-05	0.2021	-11.765	p.Arg202Cys	0.951	0.922	0.383	22.14
22	50626916	G	A	2.651619	0.9964226284947912	-0.333749017957187	-0.377199920578527	-5.08	3.19	-1.35	0.702	0.217	0.303	0.236	1.0	0.828	6.215	ENSG00000100299	2.737970e-06	0.1058	-6.59	p.Ala201Val	0.976	0.875	0.663	80.14
22	50626917	C	A	1.642756	0.9698310544016012	-0.718990933696465	-0.815650891432671	-5.06	1.78	0.32	0.049	0.557	0.121	0.347	1.0	1.045	1.724	ENSG00000100299	9.582920e-05	0.0773	-4.398	p.Ala201Ser	0.978	0.886	0.791	101.73
22	50626926	C	G	0.977735	0.805791639552701	-0.968074080753564	-0.897520277524067	-3.62	3.26	0.04	0.981	0.484	0.199	0.0	0.976	0.474	2.703	ENSG00000100299	2.738010e-06	0.1362	-5.112	p.Gly198Arg	0.967	0.903	0.724	46.47
22	50626933	C	A	4.658939	0.9880267713372348	0.0405670397409302	0.0047901620775758	-3.64	3.27	-0.73	1.0	0.036	0.492	0.998	1.0	1.048	7.585	ENSG00000100299	7.030690e-02	0.5174	-3.493	p.Trp195Cys	0.986	0.958	0.574	22.86
22	50626937	G	A	3.057065	0.9931962084508944	0.0135639999872375	-0.183412711233385	-5.1	4.49	0.25	0.034	0.194	0.177	0.995	1.0	3.33	11.688	ENSG00000100299	6.845300e-07	0.1548	-0.65	p.Pro194Leu	0.914	0.866	0.772	0.93
22	50626937	G	C	3.36579	0.9978359412203835	0.33392891775324	0.266761046626614	-5.06	4.49	-1.3	0.978	0.024	0.421	0.995	1.0	3.33	11.688	ENSG00000100299	4.107180e-06	0.5208	-2.279	p.Pro194Arg	0.983	0.829	0.365	
22	50626938	G	C	2.132934	0.2991357317726758	-0.122977822672661	-0.377989056965396	-5.06	4.45	2.12	0.001	0.699	0.235	0.995	1.0	3.53	9.429	ENSG00000100299	.	0.0949	0.541	p.Pro194Ala	0.98	0.786	0.78	93.86
22	50626941	G	T	4.246278	0.9979134184718124	0.726023669908008	0.748293552725788	-5.17	5.51	-7.7	1.0	0.0	0.903	1.0	1.0	7.515	11.691	ENSG00000100299	6.160920e-06	0.4545	-7.677	p.Pro193Thr	0.978	0.898	0.661	0.64
22	50626946	G	A	2.106012	0.9932565878790274	-0.699336910659513	-0.800293359666569	-3.66	0.735	-1.22	0.035	0.04	0.108	0.472	0.997	1.24	2.619	ENSG00000100299	1.437630e-05	0.1112	-4.268	p.Ala191Val	0.984	0.913	0.679	77.11
22	50626953	C	T	3.919711	0.9987781985930954	0.305130600777478	0.302279692534432	-3.71	4.5	-2.14	0.992	0.002	0.39	0.981	1.0	2.283	4.821	ENSG00000100299	1.026870e-05	0.2415	-7.661	p.Val189Met	0.962	0.957	0.559	78.82
22	50626956	A	C	0.645225	0.749129613337796	-1.5237608520135	-1.54660787491865	-3.66	-3.77	-1.17	0.011	0.585	0.341	0.0	0.225	0.073	1.444	ENSG00000100299	1.593300e-06	0.0832	-3.816	p.Ser188Ala	0.986	0.944	0.625	47.73
22	50626965	C	A	2.692212	0.964177402525552	-0.276932146160416	-0.429809364740151	-3.66	3.4	0.38	0.079	0.417	0.204	0.78	1.0	0.849	3.263	ENSG00000100299	1.593560e-06	0.0825	-4.169	p.Ala185Ser	0.981	0.934	0.692	146.79
22	50626970	A	T	7.112283	0.9954270780473462	0.683408437324394	0.762525479443666	-3.86	5.51	-5.34	1.0	0.001	0.898	0.996	1.0	5.794	11.083	ENSG00000100299	.	0.6805	-7.873	p.Leu183Gln	0.869	0.804	0.689	
22	50626973	G	C	5.099687	0.998644535079016	0.748261907235865	0.754668992668242	-3.66	5.51	-7.13	1.0	0.001	0.799	1.0	1.0	6.338	9.766	ENSG00000100299	.	0.8401	-9.236	p.Pro182Arg	0.981	0.919	0.651	
22	50626976	A	C	5.375018	0.9943470005861532	0.501139005817087	0.45385558959612	-3.65	5.51	-2.62	0.993	0.069	0.382	1.0	1.0	6.903	11.083	ENSG00000100299	1.889680e-04	0.6946	-6.203	p.Ile181Ser	0.987	0.956	0.434	4.32
22	50626979	G	T	4.542481	0.9970925472800664	0.54466988200685	0.52017261392124	-3.73	5.51	-2.13	0.999	0.289	0.515	1.0	1.0	4.471	9.8	ENSG00000100299	.	0.2671	-8.937	p.Pro180His	0.985	0.818	0.845	
22	50626982	A	C	4.543859	0.9954597893468978	0.469972494733088	0.40528305059466	-3.7	5.51	-2.38	1.0	0.149	0.67	1.0	1.0	4.839	9.213	ENSG00000100299	.	0.365	-9.462	p.Val179Gly	0.978	0.835	0.633	10.8
22	50626982	A	T	4.99171	0.9843119731582864	0.530404235883139	0.490838197035072	-3.74	5.51	-1.89	1.0	0.093	0.943	1.0	1.0	4.839	9.213	ENSG00000100299	1.594000e-06	0.6178	-10.802	p.Val179Asp	0.962	0.832	0.694	
22	50626988	C	T	2.071212	0.9833645527646878	-0.476419514296227	-0.575669283151922	-3.59	1.97	-1.03	0.009	0.463	0.372	0.023	0.997	1.115	1.572	ENSG00000100299	2.698150e-04	0.0952	-7.529	p.Gly177Asp	0.984	0.873	0.747	52.2
22	50626998	A	G	4.573183	0.9935605947821676	0.371297047428612	0.312328630487508	-3.62	5.21	-5.74	1.0	0.035	0.879	1.0	1.0	6.449	9.214	ENSG00000100299	.	0.9434	-8.935	p.Cys174Arg	0.987	0.975	0.772	45.12
22	50627004	C	A	4.46697	0.996781606607056	0.290157480868395	0.409349944074808	-3.76	5.21	-3.58	1.0	0.11	0.794	1.0	1.0	7.467	7.582	ENSG00000100299	2.741240e-06	0.5717	-6.978	p.Gly172Cys	0.944	0.967	0.706	17.7
22	50627004	C	T	5.061628	0.97581842106323	-0.0964421996832801	-0.1273421459589	-3.73	5.21	-1.75	0.759	0.594	0.874	1.0	1.0	7.467	7.582	ENSG00000100299	1.439150e-05	0.1319	-4.398	p.Gly172Ser	0.981	0.886	0.726	78.98
22	50627007	C	A	0.402506	0.1561369750343675	-1.31938391164879	-1.30227629102042	-3.71	-2.01	1.78	0.0	1.0	0.213	0.002	0.0	1.129	-0.606	ENSG00000100299	4.112340e-06	0.0731	0.347	p.Asp171Tyr	0.984	0.936	0.746	94.21
22	50627007	C	T	0.80526	0.9107239245383286	-1.21387559897158	-1.18858601219489	-3.71	-2.01	0.32	0.001	0.309	0.663	0.002	0.0	1.129	-0.606	ENSG00000100299	9.047160e-05	0.0839	-4.251	p.Asp171Asn	0.982	0.895	0.667	42.43
22	50627018	G	A	1.509909	0.9703301172885473	-0.944655766123277	-0.952679789682152	-3.7	1.43	-0.45	0.093	0.309	0.191	0.181	0.915	1.078	1.668	ENSG00000100299	1.600980e-06	0.1158	-5.03	p.Ala167Val	0.973	0.92	0.639	1.48
22	50627019	C	A	0.779275	0.310524124229645	-1.22152858371477	-1.21180463039692	-3.71	-1.08	1.13	0.0	0.758	0.151	0.014	0.0	0.599	-0.175	ENSG00000100299	2.058220e-06	0.069	-4.249	p.Ala167Ser	0.98	0.815	0.851	84.15
22	50627021	G	A	4.708829	0.9987572363941032	0.368481986798281	0.459089094743988	-3.74	5.21	-6.02	0.999	0.009	0.645	1.0	1.0	9.533	11.689	ENSG00000100299	1.783960e-05	0.2469	-9.62	p.Pro166Leu	0.989	0.918	0.673	89.29
22	50627026	G	C	3.468963	0.9982180845663722	0.26164854807427	0.288040998081795	-3.59	3.03	-3.67	0.999	0.066	0.761	1.0	1.0	5.498	2.957	ENSG00000100299	4.117680e-06	0.9733	-7.058	p.Phe164Leu	0.951	0.879	0.727	16.7
22	50627033	G	C	3.521309	0.9622737240694074	-0.12012893116558	-0.305236019303413	-5.03	4.19	-0.88	0.322	0.551	0.285	1.0	1.0	3.552	8.487	ENSG00000100299	4.813550e-06	0.1469	-3.488	p.Thr162Ser	0.981	0.864	0.8	58.05
22	50627036	A	G	4.631	0.9988900975658224	0.551147846386063	0.526476483797422	-3.66	5.21	-2.43	1.0	0.04	0.889	1.0	1.0	6.738	9.178	ENSG00000100299	1.200320e-06	0.7641	-7.764	p.Leu161Pro	0.984	0.886	0.627	
22	50627041	C	A	2.67662	0.9922699498917656	-0.0515224019637756	-0.205053342152271	-3.64	4.05	-1.42	0.409	0.142	0.267	1.0	1.0	2.001	5.701	ENSG00000100299	.	0.2985	-3.78	p.Gln159His	0.987	0.873	0.832	89.97
22	50627045	C	A	5.415919	0.9927741848725726	0.563141735892131	0.543873761188353	-5.0	4.99	-6.68	1.0	0.007	0.933	1.0	1.0	7.209	7.582	ENSG00000100299	1.610610e-06	0.9163	-11.951	p.Cys158Phe	0.978	0.88	0.645	1.34
22	50627046	A	G	4.805275	0.9969105887524928	0.652331177938776	0.6754965623323	-4.89	4.99	-7.0	1.0	0.006	0.976	1.0	1.0	8.512	11.081	ENSG00000100299	.	0.9615	-12.631	p.Cys158Arg	0.751	0.739	0.746	
22	50627048	G	A	4.865886	0.9982965167836312	0.408394166744943	0.386701146052036	-3.59	4.19	-5.2	0.994	0.147	0.943	1.0	1.0	7.318	11.689	ENSG00000100299	7.575860e-06	0.3577	-8.932	p.Pro157Leu	0.982	0.936	0.742	
22	50627051	C	T	4.39618	0.996539989578522	0.359944679208593	0.324966024367655	-4.93	4.16	-0.43	1.0	0.89	0.866	1.0	1.0	7.209	5.89	ENSG00000100299	1.377860e-06	0.8926	-9.066	p.Gly156Asp	0.974	0.853	0.319	0.018
22	50627052	C	G	5.443233	0.9992214165924008	0.556735069378835	0.530161183852539	-4.97	5.21	-2.77	1.0	0.114	0.748	1.0	1.0	5.506	5.887	ENSG00000100299	.	0.9529	-10.457	p.Gly156Arg	0.977	0.956	0.626	
22	50627166	C	A	4.089676	0.9952046399484512	0.407231636551949	0.409495368699425	-5.07	4.74	-1.78	0.855	0.307	0.825	1.0	1.0	5.932	7.597	ENSG00000100299	.	0.7858	-8.607	p.Gln155His	0.98	0.96	0.701	0.27
22	50627171	C	G	4.233903	0.9936507006308496	0.479654618860773	0.552485752540455	-3.72	4.74	-5.46	1.0	0.003	0.909	1.0	1.0	5.942	5.904	ENSG00000100299	.	0.9301	-8.617	p.Asp154His	0.978	0.914	0.67	0.059
22	50627171	C	T	4.375572	0.9991092961016138	0.429897333589441	0.483637967239865	-3.61	4.74	-3.78	1.0	0.015	0.524	1.0	1.0	5.942	5.904	ENSG00000100299	4.798950e-06	0.7321	-8.927	p.Asp154Asn	0.978	0.776	0.812	2.25
22	50627177	A	T	2.907815	0.9943767442804318	0.21379843975891	0.164289641119201	-3.62	4.74	-2.03	0.877	0.108	0.767	1.0	1.0	7.227	11.103	ENSG00000100299	2.465630e-05	0.6304	-8.198	p.Ser152Thr	0.939	0.837	0.512	25.73
22	50627182	G	A	4.926475	0.9986002117836268	0.534145382393423	0.57397871426095	-4.99	4.74	-8.65	1.0	0.003	0.969	1.0	1.0	6.678	11.718	ENSG00000100299	.	0.6108	-10.584	p.Pro150Leu	0.979	0.959	0.386	0.085
22	50627182	G	C	4.691911	0.9976887564065192	0.605218441405541	0.686758505356787	-5.02	4.74	-7.65	1.0	0.036	0.978	1.0	1.0	6.678	11.718	ENSG00000100299	.	0.9303	-12.916	p.Pro150Arg	0.979	0.863	0.62	-0.00012185
22	50627185	A	G	3.840191	0.9972434178568788	0.435300363124214	0.455037100693913	-3.68	4.74	-3.58	0.999	0.003	0.331	1.0	1.0	4.36	9.248	ENSG00000100299	1.593920e-06	0.8333	-9.011	p.Ile149Thr	0.989	0.827	0.514	60.97
22	50627189	C	G	4.515806	0.9993372950725232	0.80377970442937	0.901432594330956	-5.31	4.74	-7.18	1.0	0.001	0.913	1.0	1.0	6.014	5.922	ENSG00000100299	6.846390e-07	0.977	-13.973	p.Gly148Arg	0.979	0.927	0.295	0.043
22	50627189	C	T	4.388799	0.998879579161767	0.744574478431931	0.810630555376573	-5.25	4.74	-5.34	0.992	0.025	0.878	1.0	1.0	6.014	5.922	ENSG00000100299	6.161750e-06	0.7592	-9.93	p.Gly148Ser	0.967	0.952	0.547	0.16
22	50627193	A	C	3.157094	0.9972913828027836	0.29303019202725	0.359333999112064	-5.34	3.72	-3.77	0.984	0.013	0.849	1.0	1.0	3.487	3.912	ENSG00000100299	.	0.9909	-9.179	p.Phe146Leu	0.973	0.82	0.555	5.96
22	50627197	C	T	3.334754	0.977076885357908	0.0330436601129846	-0.124327071824072	-5.11	4.74	0.69	0.707	0.362	0.15	0.997	0.998	2.537	3.268	ENSG00000100299	8.216180e-06	0.11	-5.894	p.Arg145Gln	0.982	0.925	0.442	95.07
22	50627202	G	C	3.311936	0.9982566639502825	0.388520166735407	0.555290577342903	-5.82	1.43	-5.25	0.999	0.0	0.979	1.0	1.0	1.317	3.27	ENSG00000100299	.	0.9945	-10.64	p.Phe143Leu	0.985	0.907	0.556	
22	50627210	G	T	3.072357	0.9828043003527304	0.47113061508199	0.377021939259047	-3.69	4.74	-1.52	0.158	0.182	0.416	1.0	1.0	7.941	11.739	ENSG00000100299	.	0.5128	-6.195	p.Gln141Lys	0.98	0.898	0.507	
22	50627213	G	A	1.656651	0.9795065735780688	-0.0673544139687274	-0.222771501160317	-3.68	3.68	-2.65	0.001	0.014	0.263	0.945	0.999	1.929	2.883	ENSG00000100299	2.054850e-06	0.1032	-7.204	p.His140Tyr	0.961	0.941	0.746	71.53
22	50627213	G	C	2.763079	0.90707999433312	-0.175640038212374	-0.357851916378349	-3.54	3.68	-0.76	0.836	0.368	0.545	0.945	0.999	1.929	2.883	ENSG00000100299	2.054850e-06	0.3411	-8.075	p.His140Asp	0.981	0.938	0.325	39.07
22	50627215	G	A	2.559864	0.997164584212432	0.0367393604762	-0.156864026410444	-3.52	4.74	-0.35	0.788	0.529	0.396	1.0	1.0	2.803	9.799	ENSG00000100299	2.739470e-06	0.104	-2.428	p.Pro139Leu	0.963	0.912	0.685	97.73
22	50627216	G	T	0.784565	0.9049121674943597	-0.183172000102525	-0.47225494616212	-3.54	4.74	2.2	0.004	0.894	0.121	1.0	1.0	2.586	4.931	ENSG00000100299	.	0.086	-0.609	p.Pro139Thr	0.975	0.866	0.801	
22	50627218	G	A	4.278979	0.998967369099062	0.83008745195051	0.922967915160699	-4.01	4.74	-8.35	1.0	0.0	0.936	1.0	1.0	6.709	11.739	ENSG00000100299	6.850360e-07	0.7963	-11.411	p.Pro138Leu	0.972	0.948	0.205	6.62
22	50627219	G	A	4.914044	0.9992480482681289	0.897410456918435	0.998566629807138	-4.08	4.74	-6.98	0.998	0.0	0.924	1.0	1.0	9.785	11.739	ENSG00000100299	3.192080e-06	0.8944	-10.497	p.Pro138Ser	0.976	0.779	0.312	5.58
22	50627219	G	T	4.488956	0.9979430363693128	0.889807375764536	0.984270949974463	-4.07	4.74	-6.92	0.998	0.0	0.962	1.0	1.0	9.785	11.739	ENSG00000100299	1.596040e-06	0.9341	-10.911	p.Pro138Thr	0.973	0.949	0.226	1.12
22	50627227	G	T	1.305096	0.9347824978455258	-0.501100728669556	-0.678059208821126	-5.06	2.55	-0.83	0.028	0.324	0.225	0.99	0.997	1.949	2.547	ENSG00000100299	8.921610e-06	0.1144	-6.367	p.Ala135Asp	0.978	0.944	0.765	44.19
22	50627234	C	T	1.525951	0.9979475402971074	-0.136538694675949	-0.317062718541803	-5.03	3.48	-0.54	0.002	0.33	0.262	0.036	0.001	1.358	0.815	ENSG00000100299	3.206760e-06	0.0949	-4.885	p.Glu133Lys	0.977	0.842	0.83	84.82
22	50627246	C	G	4.766994	0.9993285700615594	0.805812270483257	0.908196910437324	-4.1	4.74	-6.31	1.0	0.0	0.983	1.0	1.0	6.014	7.613	ENSG00000100299	.	0.968	-13.528	p.Gly129Arg	0.978	0.941	0.412	0.042
22	50627248	A	C	4.718989	0.9976621146739132	0.748074642364005	0.877535029251867	-4.04	4.74	-5.23	1.0	0.0	0.992	1.0	1.0	7.261	11.128	ENSG00000100299	.	0.9263	-15.149	p.Leu128Arg	0.982	0.91	0.562	
22	50627248	A	G	4.812384	0.9989463359830264	0.724153144269403	0.840077470825864	-4.04	4.74	-5.96	1.0	0.001	0.981	1.0	1.0	7.261	11.128	ENSG00000100299	.	0.9869	-13.019	p.Leu128Pro	0.977	0.895	0.598	
22	50627261	C	A	4.823889	0.9977910832668934	0.682276673762743	0.833419934533794	-4.55	3.72	-7.98	1.0	0.0	0.877	1.0	1.0	4.893	5.921	ENSG00000100299	2.069840e-06	0.9626	-13.209	p.Gly124Cys	0.945	0.939	0.13	-0.016
22	50627261	C	T	4.916117	0.9986218880714296	0.682276673762743	0.833419934533794	-4.43	3.72	-5.5	1.0	0.0	0.925	1.0	1.0	4.893	5.921	ENSG00000100299	9.659240e-06	0.8071	-12.451	p.Gly124Ser	0.974	0.9	0.31	0.16
22	50627270	C	G	4.952732	0.9989926049855832	0.702498651115271	0.741813289535264	-3.84	4.74	-2.44	0.747	0.003	0.91	1.0	1.0	7.727	7.611	ENSG00000100299	3.258390e-06	0.9042	-9.76	p.Gly121Arg	0.892	0.879	0.717	
22	50627281	C	A	4.937308	0.997768313277052	0.742643920321189	0.888873815431195	-6.05	4.74	-7.88	0.995	0.0	0.995	1.0	1.0	7.639	5.918	ENSG00000100299	6.941260e-07	0.7052	-14.096	p.Gly117Val	0.979	0.869	0.529	0.86
22	50627281	C	T	4.674149	0.9979749961105416	0.62936473338884	0.715972646928689	-6.0	4.74	-5.81	0.986	0.047	0.981	1.0	1.0	7.639	5.918	ENSG00000100299	4.164760e-06	0.1736	-8.374	p.Gly117Asp	0.975	0.897	0.681	80.04
22	50627285	G	C	2.611594	0.9260420866657963	-0.742499328479088	-0.738434550438642	-5.12	2.45	-2.43	0.992	0.343	0.296	0.08	1.0	1.931	3.537	ENSG00000100299	2.778430e-06	0.0986	-5.446	p.Arg116Gly	0.98	0.944	0.727	59.25
22	50627293	A	G	4.961964	0.9988628042433084	0.738363424059897	0.875264005056615	-5.13	4.74	-6.39	1.0	0.001	0.981	1.0	1.0	7.271	11.125	ENSG00000100299	2.782310e-06	0.8885	-14.252	p.Leu113Pro	0.968	0.831	0.344	0.13
22	50627303	C	T	4.118803	0.9992632698386728	0.738490287913132	0.822249642411575	-5.21	4.74	-3.36	0.969	0.005	0.934	1.0	1.0	7.705	3.983	ENSG00000100299	3.322050e-06	0.5206	-10.415	p.Ala110Thr	0.978	0.802	0.496	37.44
22	50627306	C	T	1.537816	0.9806544681039766	-0.785805412146001	-0.832519168089064	-4.92	-5.74	-1.3	0.011	0.034	0.141	0.661	1.0	-0.012	2.955	ENSG00000100299	2.369060e-05	0.1333	-4.59	p.Val109Met	0.99	0.855	0.806	43.85
22	50627329	C	A	4.790474	0.9980329178494212	0.662214988453009	0.728290354090483	-5.14	4.74	-8.42	1.0	0.0	0.981	1.0	1.0	4.832	7.611	ENSG00000100299	2.786030e-06	0.896	-11.32	p.Gly101Val	0.974	0.927	0.549	0.069
22	50627335	C	G	1.642329	0.975787223347895	-1.00241404510737	-0.915955259227557	-3.59	-3.93	-1.48	0.996	0.277	0.489	0.0	0.0	-0.6	-0.956	ENSG00000100299	2.915660e-05	0.2625	-3.648	p.Arg99Pro	0.976	0.805	0.781	86.21
22	50627335	C	T	0.919719	0.958011851567958	-1.33612282710413	-1.37758877958868	-3.65	-3.93	-0.54	0.378	0.622	0.176	0.0	0.0	-0.6	-0.956	ENSG00000100299	2.776820e-05	0.0862	-6.677	p.Arg99Gln	0.989	0.942	0.762	108.96
22	50627338	G	A	4.979153	0.9980991510938988	0.719292315720722	0.754075334096569	-3.76	4.96	-5.12	1.0	0.001	0.775	1.0	1.0	7.796	11.736	ENSG00000100299	3.950800e-05	0.6706	-10.077	p.Ser98Phe	0.957	0.796	0.546	0.061
22	50627341	C	T	0.578898	0.2890016945864094	-0.745209579354475	-0.895769783922576	-4.99	1.55	0.94	0.0	0.751	0.668	0.005	0.001	-0.016	-0.197	ENSG00000100299	.	0.1533	-4.212	p.Ser97Asn	0.948	0.881	0.775	
22	50627345	G	C	4.162748	0.9967827599556937	0.534693684704013	0.541417598023903	-3.74	3.94	-6.06	0.988	0.074	0.905	1.0	1.0	9.676	11.736	ENSG00000100299	.	0.2204	-6.518	p.Pro96Ala	0.98	0.923	0.531	
22	50627348	C	T	0.105652	0.9945195160951672	-0.426814898917159	-0.422317308607183	-5.16	1.01	0.42	0.921	0.216	0.087	0.001	0.958	0.216	0.615	ENSG00000100299	6.916030e-06	0.1584	-3.74	p.Val95Met	0.979	0.917	0.735	13.83
22	50627351	G	C	2.810005	0.9967331973524908	0.0631466467513219	0.0040327756350422	-5.04	3.95	-1.96	0.985	0.077	0.317	1.0	1.0	2.339	3.266	ENSG00000100299	3.663630e-05	0.2819	-5.004	p.Leu94Val	0.985	0.903	0.618	35.24
22	50627356	C	T	4.085382	0.997861555847132	0.450290723775242	0.463157997366718	-3.67	3.95	-2.52	0.985	0.209	0.95	1.0	1.0	5.961	7.611	ENSG00000100299	4.875970e-06	0.3495	-4.596	p.Gly92Asp	0.978	0.904	0.815	14.83
22	50627362	T	C	4.795508	0.997866186844032	0.513288506654465	0.563823933911613	-5.14	3.88	-4.15	1.0	0.019	0.858	1.0	1.0	2.497	4.899	ENSG00000100299	3.449130e-06	0.7816	-6.649	p.Tyr90Cys	0.974	0.975	0.383	18.67
22	50627374	C	A	5.278594	0.998158477309491	0.602039271851237	0.741343518586976	-5.14	4.99	-6.71	1.0	0.0	0.988	1.0	1.0	5.908	7.61	ENSG00000100299	6.885400e-07	0.7617		p.Arg86Leu	0.99	0.949	0.245	
22	50627374	C	T	5.656901	0.9994567937194996	0.518655764207196	0.61077717207348	-5.12	4.99	-3.82	1.0	0.0	0.944	1.0	1.0	5.908	7.61	ENSG00000100299	6.334540e-05	0.2746		p.Arg86Gln	0.964	0.912	0.161	2.13
22	50627375	G	A	6.073149	0.9992121852629144	0.677415229217591	0.848898149272633	-5.22	4.77	-7.61	1.0	0.0	0.979	1.0	1.0	7.849	9.84	ENSG00000100299	5.505980e-06	0.5158		p.Arg86Trp	0.972	0.963	0.324	7.86
22	50627380	G	A	4.881021	0.998930568685122	0.630138259125732	0.715421293703072	-4.19	3.9	-5.62	0.998	0.036	0.817	1.0	1.0	3.675	9.675	ENSG00000100299	8.251930e-06	0.6409		p.Pro84Leu	0.971	0.95	0.191	1.14
22	50627380	G	T	3.106748	0.984841511521927	0.271245350703177	0.19299891318142	-4.2	3.9	-2.57	0.648	0.576	0.247	1.0	1.0	3.675	9.675	ENSG00000100299	.	0.6884		p.Pro84Gln	0.97	0.883	0.616	
22	50627383	A	G	4.039123	0.9986050012789331	0.304483849541828	0.374690747989609	-3.71	2.47	-3.19	1.0	0.022	0.887	1.0	1.0	1.407	4.691	ENSG00000100299	2.749610e-06	0.5834		p.Leu83Pro	0.976	0.855	0.579	
22	50627386	C	G	5.545101	0.9979737538024346	0.796041664843702	0.89931367455123	-5.3	4.99	-5.71	1.0	0.002	0.943	1.0	1.0	4.781	7.601	ENSG00000100299	3.436150e-06	0.9917		p.Arg82Pro	0.986	0.946	0.534	0.082
22	50627387	G	A	5.25007	0.9990693929758508	0.782283486175785	0.8951427867711	-5.31	3.91	-7.01	1.0	0.0	0.91	1.0	1.0	5.459	5.691	ENSG00000100299	2.061380e-06	0.7614		p.Arg82Trp	0.979	0.869	0.426	
22	50627390	C	G	5.459183	0.9991043089197365	0.762315482345939	0.903939226941738	-7.4	3.97	-7.02	1.0	0.0	0.957	1.0	1.0	7.624	7.599	ENSG00000100299	6.869650e-07	0.9565		p.Gly81Arg	0.978	0.888	0.644	0.17
22	50627390	C	T	5.599426	0.9987620997245472	0.714814221843801	0.829559218067247	-7.36	3.97	-5.24	1.0	0.0	0.926	1.0	1.0	7.624	7.599	ENSG00000100299	5.495720e-06	0.687		p.Gly81Ser	0.96	0.94	0.282	22.55
22	50627402	C	G	4.902569	0.9969928460347552	0.673804171002495	0.781102034531256	-3.98	3.9	-3.63	1.0	0.007	0.792	0.986	0.999	2.78	3.882	ENSG00000100299	.	0.9369		p.Ala77Pro	0.975	0.926	0.315	
22	50627562	G	A	5.506567	0.9988534512743728	0.923783609376596	1.03400196943632	-4.33	5.43	-9.11	1.0	0.0	0.81	1.0	1.0	5.588	11.706	ENSG00000100299	1.277930e-05	0.713		p.Pro73Leu	0.991	0.951	0.642	
22	50627571	A	G	5.219362	0.9987309581747372	0.634639327264506	0.663568566948206	-3.83	4.77	-3.14	1.0	0.002	0.791	0.87	1.0	4.873	11.096	ENSG00000100299	1.419130e-06	0.8153		p.Leu70Pro	0.968	0.763	0.72	
22	50627583	A	G	2.696842	0.9738500942883638	-0.175950916535515	-0.384106181828682	-5.06	5.3	0.6	0.355	0.7	0.07	0.862	1.0	1.456	9.239	ENSG00000100299	7.091000e-07	0.2438		p.Val66Ala	0.974	0.941	0.62	82.21
22	50627597	G	C	2.941492	0.9846052635791234	-0.112415287645317	-0.235202658790043	-4.18	3.19	-3.03	0.274	0.295	0.288	1.0	1.0	1.325	5.734	ENSG00000100299	.	0.7303		p.Phe61Leu	0.979	0.779	0.779	43.45
22	50627602	G	A	5.552451	0.9992485290690776	0.560119040823719	0.637300982726395	-5.19	4.22	-4.27	1.0	0.017	0.907	1.0	1.0	2.432	9.795	ENSG00000100299	3.542710e-06	0.3954		p.Arg60Trp	0.972	0.941	0.303	0.034
22	50627619	A	G	4.586375	0.9982794519275308	0.346400087384178	0.499130371778734	-5.02	4.27	-4.45	1.0	0.002	0.911	1.0	1.0	6.031	11.096	ENSG00000100299	.	0.8757		p.Leu54Pro	0.986	0.902	0.572	0.0075
22	50627620	G	C	2.75592	0.9883069914387452	-0.581856106503794	-0.406172268054111	-4.97	-4.46	-1.56	0.439	0.012	0.254	0.003	0.838	-0.024	1.272	ENSG00000100299	1.730770e-06	0.2196		p.Leu54Val	0.976	0.868	0.572	121.53
22	50627637	G	A	5.097417	0.9989310359001168	0.739698107891582	0.879772024751552	-4.43	4.28	-5.27	1.0	0.001	0.898	1.0	1.0	6.393	11.706	ENSG00000100299	9.937850e-06	0.8509		p.Thr48Ile	0.952	0.911	0.552	0.45
22	50627644	A	G	4.542686	0.9957800605319151	0.489191924408169	0.515878463498644	-4.92	5.3	-2.86	1.0	0.068	0.682	0.999	1.0	4.241	11.096	ENSG00000100299	.	0.8254		p.Ser46Pro	0.983	0.886	0.716	-0.00143167
22	50627645	G	C	1.773443	0.9899350463219622	-1.01783974962332	-0.773960367026334	-4.9	-10.3	-2.63	0.953	0.009	0.277	0.004	0.001	-0.1	-0.5	ENSG00000100299	.	0.7098		p.Ser45Arg	0.977	0.828	0.85	
22	50627658	T	C	4.934486	0.998048664418564	0.672542331963282	0.772936587066255	-4.03	5.27	-6.89	1.0	0.001	0.714	0.995	1.0	2.481	6.058	ENSG00000100299	9.240280e-06	0.238		p.Tyr41Cys	0.964	0.916	0.585	81.08
22	50627664	C	T	4.799499	0.9985113375021448	0.628390018323201	0.717076154256233	-3.92	4.22	-3.49	0.997	0.04	0.854	1.0	1.0	4.77	5.893	ENSG00000100299	2.986370e-05	0.5231		p.Gly39Asp	0.982	0.83	0.604	1.48
22	50627665	C	G	4.698818	0.9993655114414304	0.797669690870648	0.845264482438534	-4.02	5.27	-4.06	0.999	0.011	0.692	1.0	1.0	5.922	3.283	ENSG00000100299	7.109840e-07	0.4327		p.Gly39Arg	0.981	0.778	0.493	33.0
22	50627665	C	T	3.765741	0.9984491507160425	0.543358150095139	0.471738492477017	-3.84	5.27	-2.58	0.803	0.212	0.643	1.0	1.0	5.922	3.283	ENSG00000100299	5.687870e-06	0.108		p.Gly39Ser	0.976	0.832	0.74	125.78
22	50627676	T	G	4.57689	0.9907660843108074	0.449568695065569	0.53084243165737	-3.75	4.17	-7.54	1.0	0.001	0.607	0.196	1.0	0.627	4.983	ENSG00000100299	.	0.7039		p.Tyr35Ser	0.96	0.995	0.441	0.4
22	50627679	C	T	5.381851	0.998686403489782	0.855114327017473	0.953671137082486	-3.95	5.27	-6.32	1.0	0.0	0.707	1.0	1.0	4.813	5.907	ENSG00000100299	.	0.9779		p.Gly34Asp	0.978	0.892	0.599	
22	50627680	C	T	5.938397	0.9989115374960402	0.771258672244166	0.853378627349161	-3.93	4.18	-5.34	1.0	0.0	0.712	1.0	1.0	5.92	7.605	ENSG00000100299	.	0.8246		p.Gly34Ser	0.99	0.884	0.708	
22	50627682	A	G	5.479024	0.998992026030536	0.794878740676131	0.906643044093926	-4.17	4.16	-5.12	1.0	0.001	0.835	1.0	1.0	7.212	9.257	ENSG00000100299	.	0.9764		p.Leu33Pro	0.976	0.917	0.599	
22	50627686	C	G	5.515721	0.9948767061568066	0.917238759698333	1.0302062354091	-4.13	5.27	-6.19	1.0	0.0	0.962	1.0	1.0	5.929	7.605	ENSG00000100299	.	0.983		p.Asp32His	0.964	0.833	0.459	
22	50627687	G	C	3.813415	0.993291187879189	-0.101916521183405	0.114350915544443	-4.83	-4.06	-3.59	0.999	0.0	0.876	0.998	0.938	0.714	0.571	ENSG00000100299	2.135190e-06	0.9935		p.Asp31Glu	0.979	0.823	0.533	
22	50627689	C	T	5.537132	0.9990997694930636	0.836321160994916	0.940181097333132	-5.19	5.27	-4.51	1.0	0.0	0.954	1.0	0.999	4.798	7.605	ENSG00000100299	.	0.9528		p.Asp31Asn	0.981	0.873	0.575	
22	50627707	T	C	1.005255	0.5775228295581045	-0.798219792187105	-0.855081735713866	-3.57	1.71	-0.68	0.393	0.252	0.108	1.0	0.997	1.58	0.32	ENSG00000100299	7.126140e-06	0.1024		p.Ile25Val	0.984	0.913	0.647	94.04
